Order Id,Customer Id,Customer State,Customer Country,Customer Segment,Product Card Id,Product Name,Category Name,Order Item Quantity,Order Item Product Price,Order Item Total,Shipping Mode,Days for shipment (scheduled),Days for shipping (real),Late_delivery_risk,Delivery Status,Origin_Warehouse,Order Status,Order Region
10001,20001,NY,EE. UU.,Corporate,1361,Nike Men's CJ81 Elite Football Cleat,Men's Footwear,1,129.99,129.99,Standard Class,4,4,0,Shipping on time,Midwest_Hub_Chicago,COMPLETE,North America
10002,20002,TX,EE. UU.,Corporate,1362,Under Armour Girls' Toddler Spine Surge,Cardio Equipment,4,39.99,159.96,Standard Class,4,4,0,Shipping on time,EastCoast_Hub_NJ,COMPLETE,North America
10003,20003,FL,EE. UU.,Consumer,1363,O'Brien Men's Neoprene Life Vest,Water Sports,4,49.98,199.92,Standard Class,4,4,0,Shipping on time,South_Hub_Dallas,COMPLETE,North America
10004,20004,IL,EE. UU.,Home Office,1364,Pelican Sun Dolphin 5-Seat Pedal Boat,Boating,4,649.99,2599.96,First Class,1,1,0,Shipping on time,Europe_Hub_Rotterdam,COMPLETE,North America
10005,20005,PA,EE. UU.,Consumer,1365,Diamondback Adult Response XE Mountain Bike,Shop By Sport,3,399.98,1199.94,Standard Class,4,4,0,Shipping on time,Pacific_Hub_LA,COMPLETE,North America
10006,20006,OH,EE. UU.,Corporate,1366,Field & Stream Sportsman 16 Gun Fire Safe,Hunting & Shooting,3,399.99,1199.97,First Class,1,1,0,Shipping on time,Midwest_Hub_Chicago,COMPLETE,North America
10007,20007,WA,EE. UU.,Corporate,1367,Titleist Pro V1x High Golf Balls (Dozen),Golf Balls,4,47.99,191.96,Same Day,0,0,0,Shipping on time,EastCoast_Hub_NJ,COMPLETE,North America
10008,20008,GA,EE. UU.,Consumer,1368,Glove It Women's Urban Zoo Golf Bag,Golf Bags,2,179.99,359.98,Standard Class,4,4,0,Shipping on time,South_Hub_Dallas,COMPLETE,North America
10009,20009,NC,EE. UU.,Home Office,1369,Fitbit Surge Fitness Superwatch,Fitness Accessories,3,249.95,749.85,Second Class,2,2,0,Shipping on time,Europe_Hub_Rotterdam,COMPLETE,North America
10010,20010,CA,EE. UU.,Consumer,1360,Perfect Fitness Perfect Rip Deck,Cleats,1,59.99,59.99,Standard Class,4,4,0,Shipping on time,Pacific_Hub_LA,PENDING_DISPATCH,North America
10011,20011,NY,EE. UU.,Consumer,1361,Nike Men's CJ81 Elite Football Cleat,Men's Footwear,4,129.99,519.96,Standard Class,4,4,0,Shipping on time,Midwest_Hub_Chicago,COMPLETE,North America
10012,20012,TX,EE. UU.,Home Office,1362,Under Armour Girls' Toddler Spine Surge,Cardio Equipment,1,39.99,39.99,Second Class,2,2,0,Shipping on time,EastCoast_Hub_NJ,COMPLETE,North America
10013,20013,FL,EE. UU.,Corporate,1363,O'Brien Men's Neoprene Life Vest,Water Sports,4,49.98,199.92,Standard Class,4,4,0,Shipping on time,South_Hub_Dallas,COMPLETE,North America
10014,20014,IL,EE. UU.,Corporate,1364,Pelican Sun Dolphin 5-Seat Pedal Boat,Boating,4,649.99,2599.96,Standard Class,4,4,0,Shipping on time,Europe_Hub_Rotterdam,COMPLETE,North America
10015,20015,PA,EE. UU.,Corporate,1365,Diamondback Adult Response XE Mountain Bike,Shop By Sport,4,399.98,1599.92,Standard Class,4,5,1,Late delivery,Pacific_Hub_LA,COMPLETE,North America
10016,20016,OH,EE. UU.,Consumer,1366,Field & Stream Sportsman 16 Gun Fire Safe,Hunting & Shooting,4,399.99,1599.96,Second Class,2,2,0,Shipping on time,Midwest_Hub_Chicago,COMPLETE,North America
10017,20017,WA,EE. UU.,Corporate,1367,Titleist Pro V1x High Golf Balls (Dozen),Golf Balls,4,47.99,191.96,Standard Class,4,5,1,Late delivery,EastCoast_Hub_NJ,COMPLETE,North America
10018,20018,GA,EE. UU.,Corporate,1368,Glove It Women's Urban Zoo Golf Bag,Golf Bags,1,179.99,179.99,Standard Class,4,4,0,Shipping on time,South_Hub_Dallas,COMPLETE,North America
10019,20019,NC,EE. UU.,Consumer,1369,Fitbit Surge Fitness Superwatch,Fitness Accessories,3,249.95,749.85,Standard Class,4,4,0,Shipping on time,Europe_Hub_Rotterdam,COMPLETE,North America
10020,20020,CA,EE. UU.,Consumer,1360,Perfect Fitness Perfect Rip Deck,Cleats,4,59.99,239.96,Standard Class,4,4,0,Shipping on time,Pacific_Hub_LA,PENDING_DISPATCH,North America
10021,20021,NY,EE. UU.,Consumer,1361,Nike Men's CJ81 Elite Football Cleat,Men's Footwear,2,129.99,259.98,First Class,1,3,1,Late delivery,Midwest_Hub_Chicago,COMPLETE,North America
10022,20022,TX,EE. UU.,Corporate,1362,Under Armour Girls' Toddler Spine Surge,Cardio Equipment,5,39.99,199.95,Standard Class,4,4,0,Shipping on time,EastCoast_Hub_NJ,COMPLETE,North America
10023,20023,FL,EE. UU.,Consumer,1363,O'Brien Men's Neoprene Life Vest,Water Sports,2,49.98,99.96,Second Class,2,2,0,Shipping on time,South_Hub_Dallas,COMPLETE,North America
10024,20024,IL,EE. UU.,Consumer,1364,Pelican Sun Dolphin 5-Seat Pedal Boat,Boating,3,649.99,1949.97,Standard Class,4,8,1,Late delivery,Europe_Hub_Rotterdam,COMPLETE,North America
10025,20025,PA,EE. UU.,Consumer,1365,Diamondback Adult Response XE Mountain Bike,Shop By Sport,4,399.98,1599.92,Standard Class,4,7,1,Late delivery,Pacific_Hub_LA,COMPLETE,North America
10026,20026,OH,EE. UU.,Consumer,1366,Field & Stream Sportsman 16 Gun Fire Safe,Hunting & Shooting,5,399.99,1999.95,Second Class,2,2,0,Shipping on time,Midwest_Hub_Chicago,COMPLETE,North America
10027,20027,WA,EE. UU.,Consumer,1367,Titleist Pro V1x High Golf Balls (Dozen),Golf Balls,1,47.99,47.99,Standard Class,4,4,0,Shipping on time,EastCoast_Hub_NJ,COMPLETE,North America
10028,20028,GA,EE. UU.,Home Office,1368,Glove It Women's Urban Zoo Golf Bag,Golf Bags,5,179.99,899.95,Standard Class,4,4,0,Shipping on time,South_Hub_Dallas,COMPLETE,North America
10029,20029,NC,EE. UU.,Home Office,1369,Fitbit Surge Fitness Superwatch,Fitness Accessories,1,249.95,249.95,Second Class,2,2,0,Shipping on time,Europe_Hub_Rotterdam,COMPLETE,North America
10030,20030,CA,EE. UU.,Consumer,1360,Perfect Fitness Perfect Rip Deck,Cleats,2,59.99,119.98,Second Class,2,2,0,Shipping on time,Pacific_Hub_LA,PENDING_DISPATCH,North America
10031,20031,NY,EE. UU.,Consumer,1361,Nike Men's CJ81 Elite Football Cleat,Men's Footwear,4,129.99,519.96,Standard Class,4,4,0,Shipping on time,Midwest_Hub_Chicago,COMPLETE,North America
10032,20032,TX,EE. UU.,Consumer,1362,Under Armour Girls' Toddler Spine Surge,Cardio Equipment,4,39.99,159.96,Standard Class,4,4,0,Shipping on time,EastCoast_Hub_NJ,COMPLETE,North America
10033,20033,FL,EE. UU.,Corporate,1363,O'Brien Men's Neoprene Life Vest,Water Sports,2,49.98,99.96,First Class,1,1,0,Shipping on time,South_Hub_Dallas,COMPLETE,North America
10034,20034,IL,EE. UU.,Corporate,1364,Pelican Sun Dolphin 5-Seat Pedal Boat,Boating,4,649.99,2599.96,Second Class,2,2,0,Shipping on time,Europe_Hub_Rotterdam,COMPLETE,North America
10035,20035,PA,EE. UU.,Consumer,1365,Diamondback Adult Response XE Mountain Bike,Shop By Sport,3,399.98,1199.94,Standard Class,4,4,0,Shipping on time,Pacific_Hub_LA,COMPLETE,North America
10036,20036,OH,EE. UU.,Consumer,1366,Field & Stream Sportsman 16 Gun Fire Safe,Hunting & Shooting,1,399.99,399.99,Standard Class,4,6,1,Late delivery,Midwest_Hub_Chicago,COMPLETE,North America
10037,20037,WA,EE. UU.,Corporate,1367,Titleist Pro V1x High Golf Balls (Dozen),Golf Balls,1,47.99,47.99,Standard Class,4,4,0,Shipping on time,EastCoast_Hub_NJ,COMPLETE,North America
10038,20038,GA,EE. UU.,Consumer,1368,Glove It Women's Urban Zoo Golf Bag,Golf Bags,3,179.99,539.97,Standard Class,4,4,0,Shipping on time,South_Hub_Dallas,COMPLETE,North America
10039,20039,NC,EE. UU.,Consumer,1369,Fitbit Surge Fitness Superwatch,Fitness Accessories,1,249.95,249.95,Standard Class,4,4,0,Shipping on time,Europe_Hub_Rotterdam,COMPLETE,North America
10040,20040,CA,EE. UU.,Home Office,1360,Perfect Fitness Perfect Rip Deck,Cleats,5,59.99,299.95,Standard Class,4,4,0,Shipping on time,Pacific_Hub_LA,PENDING_DISPATCH,North America
10041,20041,NY,EE. UU.,Consumer,1361,Nike Men's CJ81 Elite Football Cleat,Men's Footwear,1,129.99,129.99,Standard Class,4,4,0,Shipping on time,Midwest_Hub_Chicago,COMPLETE,North America
10042,20042,TX,EE. UU.,Consumer,1362,Under Armour Girls' Toddler Spine Surge,Cardio Equipment,3,39.99,119.97,Standard Class,4,4,0,Shipping on time,EastCoast_Hub_NJ,COMPLETE,North America
10043,20043,FL,EE. UU.,Corporate,1363,O'Brien Men's Neoprene Life Vest,Water Sports,2,49.98,99.96,First Class,1,5,1,Late delivery,South_Hub_Dallas,COMPLETE,North America
10044,20044,IL,EE. UU.,Corporate,1364,Pelican Sun Dolphin 5-Seat Pedal Boat,Boating,2,649.99,1299.98,Second Class,2,2,0,Shipping on time,Europe_Hub_Rotterdam,COMPLETE,North America
10045,20045,PA,EE. UU.,Consumer,1365,Diamondback Adult Response XE Mountain Bike,Shop By Sport,1,399.98,399.98,Second Class,2,2,0,Shipping on time,Pacific_Hub_LA,COMPLETE,North America
10046,20046,OH,EE. UU.,Corporate,1366,Field & Stream Sportsman 16 Gun Fire Safe,Hunting & Shooting,4,399.99,1599.96,Standard Class,4,8,1,Late delivery,Midwest_Hub_Chicago,COMPLETE,North America
10047,20047,WA,EE. UU.,Consumer,1367,Titleist Pro V1x High Golf Balls (Dozen),Golf Balls,3,47.99,143.97,First Class,1,1,0,Shipping on time,EastCoast_Hub_NJ,COMPLETE,North America
10048,20048,GA,EE. UU.,Consumer,1368,Glove It Women's Urban Zoo Golf Bag,Golf Bags,2,179.99,359.98,Same Day,0,0,0,Shipping on time,South_Hub_Dallas,COMPLETE,North America
10049,20049,NC,EE. UU.,Consumer,1369,Fitbit Surge Fitness Superwatch,Fitness Accessories,5,249.95,1249.75,First Class,1,3,1,Late delivery,Europe_Hub_Rotterdam,COMPLETE,North America
10050,20050,CA,EE. UU.,Corporate,1360,Perfect Fitness Perfect Rip Deck,Cleats,2,59.99,119.98,Same Day,0,0,0,Shipping on time,Pacific_Hub_LA,PENDING_DISPATCH,North America
10051,20051,NY,EE. UU.,Consumer,1361,Nike Men's CJ81 Elite Football Cleat,Men's Footwear,3,129.99,389.97,First Class,1,1,0,Shipping on time,Midwest_Hub_Chicago,COMPLETE,North America
10052,20052,TX,EE. UU.,Consumer,1362,Under Armour Girls' Toddler Spine Surge,Cardio Equipment,3,39.99,119.97,Second Class,2,2,0,Shipping on time,EastCoast_Hub_NJ,COMPLETE,North America
10053,20053,FL,EE. UU.,Consumer,1363,O'Brien Men's Neoprene Life Vest,Water Sports,2,49.98,99.96,Standard Class,4,4,0,Shipping on time,South_Hub_Dallas,COMPLETE,North America
10054,20054,IL,EE. UU.,Home Office,1364,Pelican Sun Dolphin 5-Seat Pedal Boat,Boating,1,649.99,649.99,Standard Class,4,8,1,Late delivery,Europe_Hub_Rotterdam,COMPLETE,North America
10055,20055,PA,EE. UU.,Home Office,1365,Diamondback Adult Response XE Mountain Bike,Shop By Sport,5,399.98,1999.9,Standard Class,4,4,0,Shipping on time,Pacific_Hub_LA,COMPLETE,North America
10056,20056,OH,EE. UU.,Corporate,1366,Field & Stream Sportsman 16 Gun Fire Safe,Hunting & Shooting,1,399.99,399.99,Standard Class,4,4,0,Shipping on time,Midwest_Hub_Chicago,COMPLETE,North America
10057,20057,WA,EE. UU.,Consumer,1367,Titleist Pro V1x High Golf Balls (Dozen),Golf Balls,2,47.99,95.98,Standard Class,4,8,1,Late delivery,EastCoast_Hub_NJ,COMPLETE,North America
10058,20058,GA,EE. UU.,Consumer,1368,Glove It Women's Urban Zoo Golf Bag,Golf Bags,1,179.99,179.99,Standard Class,4,4,0,Shipping on time,South_Hub_Dallas,COMPLETE,North America
10059,20059,NC,EE. UU.,Corporate,1369,Fitbit Surge Fitness Superwatch,Fitness Accessories,2,249.95,499.9,Standard Class,4,4,0,Shipping on time,Europe_Hub_Rotterdam,COMPLETE,North America
10060,20060,CA,EE. UU.,Corporate,1360,Perfect Fitness Perfect Rip Deck,Cleats,3,59.99,179.97,First Class,1,1,0,Shipping on time,Pacific_Hub_LA,PENDING_DISPATCH,North America
10061,20061,NY,EE. UU.,Consumer,1361,Nike Men's CJ81 Elite Football Cleat,Men's Footwear,1,129.99,129.99,Standard Class,4,7,1,Late delivery,Midwest_Hub_Chicago,COMPLETE,North America
10062,20062,TX,EE. UU.,Corporate,1362,Under Armour Girls' Toddler Spine Surge,Cardio Equipment,5,39.99,199.95,Standard Class,4,4,0,Shipping on time,EastCoast_Hub_NJ,COMPLETE,North America
10063,20063,FL,EE. UU.,Consumer,1363,O'Brien Men's Neoprene Life Vest,Water Sports,2,49.98,99.96,Standard Class,4,4,0,Shipping on time,South_Hub_Dallas,COMPLETE,North America
10064,20064,IL,EE. UU.,Consumer,1364,Pelican Sun Dolphin 5-Seat Pedal Boat,Boating,5,649.99,3249.95,Standard Class,4,4,0,Shipping on time,Europe_Hub_Rotterdam,COMPLETE,North America
10065,20065,PA,EE. UU.,Corporate,1365,Diamondback Adult Response XE Mountain Bike,Shop By Sport,4,399.98,1599.92,Standard Class,4,4,0,Shipping on time,Pacific_Hub_LA,COMPLETE,North America
10066,20066,OH,EE. UU.,Consumer,1366,Field & Stream Sportsman 16 Gun Fire Safe,Hunting & Shooting,1,399.99,399.99,First Class,1,1,0,Shipping on time,Midwest_Hub_Chicago,COMPLETE,North America
10067,20067,WA,EE. UU.,Home Office,1367,Titleist Pro V1x High Golf Balls (Dozen),Golf Balls,4,47.99,191.96,Standard Class,4,8,1,Late delivery,EastCoast_Hub_NJ,COMPLETE,North America
10068,20068,GA,EE. UU.,Corporate,1368,Glove It Women's Urban Zoo Golf Bag,Golf Bags,2,179.99,359.98,Standard Class,4,4,0,Shipping on time,South_Hub_Dallas,COMPLETE,North America
10069,20069,NC,EE. UU.,Consumer,1369,Fitbit Surge Fitness Superwatch,Fitness Accessories,4,249.95,999.8,First Class,1,1,0,Shipping on time,Europe_Hub_Rotterdam,COMPLETE,North America
10070,20070,CA,EE. UU.,Home Office,1360,Perfect Fitness Perfect Rip Deck,Cleats,1,59.99,59.99,Standard Class,4,4,0,Shipping on time,Pacific_Hub_LA,PENDING_DISPATCH,North America
10071,20071,NY,EE. UU.,Corporate,1361,Nike Men's CJ81 Elite Football Cleat,Men's Footwear,2,129.99,259.98,Standard Class,4,6,1,Late delivery,Midwest_Hub_Chicago,COMPLETE,North America
10072,20072,TX,EE. UU.,Corporate,1362,Under Armour Girls' Toddler Spine Surge,Cardio Equipment,2,39.99,79.98,First Class,1,5,1,Late delivery,EastCoast_Hub_NJ,COMPLETE,North America
10073,20073,FL,EE. UU.,Consumer,1363,O'Brien Men's Neoprene Life Vest,Water Sports,1,49.98,49.98,Standard Class,4,4,0,Shipping on time,South_Hub_Dallas,COMPLETE,North America
10074,20074,IL,EE. UU.,Consumer,1364,Pelican Sun Dolphin 5-Seat Pedal Boat,Boating,5,649.99,3249.95,First Class,1,2,1,Late delivery,Europe_Hub_Rotterdam,COMPLETE,North America
10075,20075,PA,EE. UU.,Consumer,1365,Diamondback Adult Response XE Mountain Bike,Shop By Sport,3,399.98,1199.94,Standard Class,4,5,1,Late delivery,Pacific_Hub_LA,COMPLETE,North America
10076,20076,OH,EE. UU.,Corporate,1366,Field & Stream Sportsman 16 Gun Fire Safe,Hunting & Shooting,1,399.99,399.99,Standard Class,4,4,0,Shipping on time,Midwest_Hub_Chicago,COMPLETE,North America
10077,20077,WA,EE. UU.,Consumer,1367,Titleist Pro V1x High Golf Balls (Dozen),Golf Balls,1,47.99,47.99,Standard Class,4,4,0,Shipping on time,EastCoast_Hub_NJ,COMPLETE,North America
10078,20078,GA,EE. UU.,Consumer,1368,Glove It Women's Urban Zoo Golf Bag,Golf Bags,4,179.99,719.96,First Class,1,5,1,Late delivery,South_Hub_Dallas,COMPLETE,North America
10079,20079,NC,EE. UU.,Consumer,1369,Fitbit Surge Fitness Superwatch,Fitness Accessories,5,249.95,1249.75,Standard Class,4,4,0,Shipping on time,Europe_Hub_Rotterdam,COMPLETE,North America
10080,20080,CA,EE. UU.,Corporate,1360,Perfect Fitness Perfect Rip Deck,Cleats,2,59.99,119.98,Standard Class,4,4,0,Shipping on time,Pacific_Hub_LA,PENDING_DISPATCH,North America
10081,20081,NY,EE. UU.,Home Office,1361,Nike Men's CJ81 Elite Football Cleat,Men's Footwear,5,129.99,649.95,First Class,1,2,1,Late delivery,Midwest_Hub_Chicago,COMPLETE,North America
10082,20082,TX,EE. UU.,Home Office,1362,Under Armour Girls' Toddler Spine Surge,Cardio Equipment,4,39.99,159.96,First Class,1,1,0,Shipping on time,EastCoast_Hub_NJ,COMPLETE,North America
10083,20083,FL,EE. UU.,Corporate,1363,O'Brien Men's Neoprene Life Vest,Water Sports,1,49.98,49.98,First Class,1,1,0,Shipping on time,South_Hub_Dallas,COMPLETE,North America
10084,20084,IL,EE. UU.,Consumer,1364,Pelican Sun Dolphin 5-Seat Pedal Boat,Boating,4,649.99,2599.96,Standard Class,4,4,0,Shipping on time,Europe_Hub_Rotterdam,COMPLETE,North America
10085,20085,PA,EE. UU.,Consumer,1365,Diamondback Adult Response XE Mountain Bike,Shop By Sport,4,399.98,1599.92,First Class,1,1,0,Shipping on time,Pacific_Hub_LA,COMPLETE,North America
10086,20086,OH,EE. UU.,Consumer,1366,Field & Stream Sportsman 16 Gun Fire Safe,Hunting & Shooting,4,399.99,1599.96,Standard Class,4,7,1,Late delivery,Midwest_Hub_Chicago,COMPLETE,North America
10087,20087,WA,EE. UU.,Consumer,1367,Titleist Pro V1x High Golf Balls (Dozen),Golf Balls,1,47.99,47.99,Standard Class,4,4,0,Shipping on time,EastCoast_Hub_NJ,COMPLETE,North America
10088,20088,GA,EE. UU.,Corporate,1368,Glove It Women's Urban Zoo Golf Bag,Golf Bags,3,179.99,539.97,Standard Class,4,4,0,Shipping on time,South_Hub_Dallas,COMPLETE,North America
10089,20089,NC,EE. UU.,Consumer,1369,Fitbit Surge Fitness Superwatch,Fitness Accessories,2,249.95,499.9,First Class,1,1,0,Shipping on time,Europe_Hub_Rotterdam,COMPLETE,North America
10090,20090,CA,EE. UU.,Home Office,1360,Perfect Fitness Perfect Rip Deck,Cleats,2,59.99,119.98,Standard Class,4,4,0,Shipping on time,Pacific_Hub_LA,PENDING_DISPATCH,North America
10091,20091,NY,EE. UU.,Corporate,1361,Nike Men's CJ81 Elite Football Cleat,Men's Footwear,3,129.99,389.97,First Class,1,1,0,Shipping on time,Midwest_Hub_Chicago,COMPLETE,North America
10092,20092,TX,EE. UU.,Consumer,1362,Under Armour Girls' Toddler Spine Surge,Cardio Equipment,4,39.99,159.96,Standard Class,4,4,0,Shipping on time,EastCoast_Hub_NJ,COMPLETE,North America
10093,20093,FL,EE. UU.,Corporate,1363,O'Brien Men's Neoprene Life Vest,Water Sports,3,49.98,149.94,First Class,1,4,1,Late delivery,South_Hub_Dallas,COMPLETE,North America
10094,20094,IL,EE. UU.,Home Office,1364,Pelican Sun Dolphin 5-Seat Pedal Boat,Boating,4,649.99,2599.96,Second Class,2,3,1,Late delivery,Europe_Hub_Rotterdam,COMPLETE,North America
10095,20095,PA,EE. UU.,Corporate,1365,Diamondback Adult Response XE Mountain Bike,Shop By Sport,4,399.98,1599.92,Same Day,0,0,0,Shipping on time,Pacific_Hub_LA,COMPLETE,North America
10096,20096,OH,EE. UU.,Home Office,1366,Field & Stream Sportsman 16 Gun Fire Safe,Hunting & Shooting,1,399.99,399.99,Second Class,2,2,0,Shipping on time,Midwest_Hub_Chicago,COMPLETE,North America
10097,20097,WA,EE. UU.,Corporate,1367,Titleist Pro V1x High Golf Balls (Dozen),Golf Balls,1,47.99,47.99,Standard Class,4,6,1,Late delivery,EastCoast_Hub_NJ,COMPLETE,North America
10098,20098,GA,EE. UU.,Consumer,1368,Glove It Women's Urban Zoo Golf Bag,Golf Bags,1,179.99,179.99,Standard Class,4,4,0,Shipping on time,South_Hub_Dallas,COMPLETE,North America
10099,20099,NC,EE. UU.,Corporate,1369,Fitbit Surge Fitness Superwatch,Fitness Accessories,1,249.95,249.95,Standard Class,4,4,0,Shipping on time,Europe_Hub_Rotterdam,COMPLETE,North America
10100,20100,CA,EE. UU.,Consumer,1360,Perfect Fitness Perfect Rip Deck,Cleats,3,59.99,179.97,Standard Class,4,4,0,Shipping on time,Pacific_Hub_LA,PENDING_DISPATCH,North America
10101,20101,NY,EE. UU.,Consumer,1361,Nike Men's CJ81 Elite Football Cleat,Men's Footwear,3,129.99,389.97,Standard Class,4,6,1,Late delivery,Midwest_Hub_Chicago,COMPLETE,North America
10102,20102,TX,EE. UU.,Consumer,1362,Under Armour Girls' Toddler Spine Surge,Cardio Equipment,4,39.99,159.96,Second Class,2,2,0,Shipping on time,EastCoast_Hub_NJ,COMPLETE,North America
10103,20103,FL,EE. UU.,Consumer,1363,O'Brien Men's Neoprene Life Vest,Water Sports,4,49.98,199.92,Second Class,2,2,0,Shipping on time,South_Hub_Dallas,COMPLETE,North America
10104,20104,IL,EE. UU.,Home Office,1364,Pelican Sun Dolphin 5-Seat Pedal Boat,Boating,5,649.99,3249.95,Standard Class,4,8,1,Late delivery,Europe_Hub_Rotterdam,COMPLETE,North America
10105,20105,PA,EE. UU.,Corporate,1365,Diamondback Adult Response XE Mountain Bike,Shop By Sport,1,399.98,399.98,Standard Class,4,4,0,Shipping on time,Pacific_Hub_LA,COMPLETE,North America
10106,20106,OH,EE. UU.,Consumer,1366,Field & Stream Sportsman 16 Gun Fire Safe,Hunting & Shooting,1,399.99,399.99,First Class,1,1,0,Shipping on time,Midwest_Hub_Chicago,COMPLETE,North America
10107,20107,WA,EE. UU.,Corporate,1367,Titleist Pro V1x High Golf Balls (Dozen),Golf Balls,3,47.99,143.97,Standard Class,4,4,0,Shipping on time,EastCoast_Hub_NJ,COMPLETE,North America
10108,20108,GA,EE. UU.,Corporate,1368,Glove It Women's Urban Zoo Golf Bag,Golf Bags,5,179.99,899.95,Standard Class,4,4,0,Shipping on time,South_Hub_Dallas,COMPLETE,North America
10109,20109,NC,EE. UU.,Corporate,1369,Fitbit Surge Fitness Superwatch,Fitness Accessories,5,249.95,1249.75,Standard Class,4,4,0,Shipping on time,Europe_Hub_Rotterdam,COMPLETE,North America
10110,20110,CA,EE. UU.,Consumer,1360,Perfect Fitness Perfect Rip Deck,Cleats,3,59.99,179.97,Standard Class,4,4,0,Shipping on time,Pacific_Hub_LA,PENDING_DISPATCH,North America
10111,20111,NY,EE. UU.,Consumer,1361,Nike Men's CJ81 Elite Football Cleat,Men's Footwear,1,129.99,129.99,Standard Class,4,4,0,Shipping on time,Midwest_Hub_Chicago,COMPLETE,North America
10112,20112,TX,EE. UU.,Home Office,1362,Under Armour Girls' Toddler Spine Surge,Cardio Equipment,3,39.99,119.97,Second Class,2,6,1,Late delivery,EastCoast_Hub_NJ,COMPLETE,North America
10113,20113,FL,EE. UU.,Consumer,1363,O'Brien Men's Neoprene Life Vest,Water Sports,1,49.98,49.98,Standard Class,4,4,0,Shipping on time,South_Hub_Dallas,COMPLETE,North America
10114,20114,IL,EE. UU.,Corporate,1364,Pelican Sun Dolphin 5-Seat Pedal Boat,Boating,5,649.99,3249.95,Same Day,0,0,0,Shipping on time,Europe_Hub_Rotterdam,COMPLETE,North America
10115,20115,PA,EE. UU.,Consumer,1365,Diamondback Adult Response XE Mountain Bike,Shop By Sport,4,399.98,1599.92,First Class,1,2,1,Late delivery,Pacific_Hub_LA,COMPLETE,North America
10116,20116,OH,EE. UU.,Home Office,1366,Field & Stream Sportsman 16 Gun Fire Safe,Hunting & Shooting,3,399.99,1199.97,Second Class,2,3,1,Late delivery,Midwest_Hub_Chicago,COMPLETE,North America
10117,20117,WA,EE. UU.,Consumer,1367,Titleist Pro V1x High Golf Balls (Dozen),Golf Balls,2,47.99,95.98,Standard Class,4,7,1,Late delivery,EastCoast_Hub_NJ,COMPLETE,North America
10118,20118,GA,EE. UU.,Home Office,1368,Glove It Women's Urban Zoo Golf Bag,Golf Bags,5,179.99,899.95,First Class,1,4,1,Late delivery,South_Hub_Dallas,COMPLETE,North America
10119,20119,NC,EE. UU.,Corporate,1369,Fitbit Surge Fitness Superwatch,Fitness Accessories,2,249.95,499.9,First Class,1,1,0,Shipping on time,Europe_Hub_Rotterdam,COMPLETE,North America
10120,20120,CA,EE. UU.,Consumer,1360,Perfect Fitness Perfect Rip Deck,Cleats,1,59.99,59.99,Second Class,2,2,0,Shipping on time,Pacific_Hub_LA,PENDING_DISPATCH,North America
10121,20121,NY,EE. UU.,Corporate,1361,Nike Men's CJ81 Elite Football Cleat,Men's Footwear,3,129.99,389.97,Standard Class,4,4,0,Shipping on time,Midwest_Hub_Chicago,COMPLETE,North America
10122,20122,TX,EE. UU.,Consumer,1362,Under Armour Girls' Toddler Spine Surge,Cardio Equipment,2,39.99,79.98,Second Class,2,2,0,Shipping on time,EastCoast_Hub_NJ,COMPLETE,North America
10123,20123,FL,EE. UU.,Corporate,1363,O'Brien Men's Neoprene Life Vest,Water Sports,5,49.98,249.9,Standard Class,4,4,0,Shipping on time,South_Hub_Dallas,COMPLETE,North America
10124,20124,IL,EE. UU.,Consumer,1364,Pelican Sun Dolphin 5-Seat Pedal Boat,Boating,4,649.99,2599.96,Same Day,0,0,0,Shipping on time,Europe_Hub_Rotterdam,COMPLETE,North America
10125,20125,PA,EE. UU.,Corporate,1365,Diamondback Adult Response XE Mountain Bike,Shop By Sport,1,399.98,399.98,Standard Class,4,4,0,Shipping on time,Pacific_Hub_LA,COMPLETE,North America
10126,20126,OH,EE. UU.,Home Office,1366,Field & Stream Sportsman 16 Gun Fire Safe,Hunting & Shooting,4,399.99,1599.96,Standard Class,4,8,1,Late delivery,Midwest_Hub_Chicago,COMPLETE,North America
10127,20127,WA,EE. UU.,Corporate,1367,Titleist Pro V1x High Golf Balls (Dozen),Golf Balls,1,47.99,47.99,Standard Class,4,4,0,Shipping on time,EastCoast_Hub_NJ,COMPLETE,North America
10128,20128,GA,EE. UU.,Consumer,1368,Glove It Women's Urban Zoo Golf Bag,Golf Bags,5,179.99,899.95,Standard Class,4,4,0,Shipping on time,South_Hub_Dallas,COMPLETE,North America
10129,20129,NC,EE. UU.,Corporate,1369,Fitbit Surge Fitness Superwatch,Fitness Accessories,3,249.95,749.85,Standard Class,4,4,0,Shipping on time,Europe_Hub_Rotterdam,COMPLETE,North America
10130,20130,CA,EE. UU.,Consumer,1360,Perfect Fitness Perfect Rip Deck,Cleats,3,59.99,179.97,Standard Class,4,4,0,Shipping on time,Pacific_Hub_LA,PENDING_DISPATCH,North America
10131,20131,NY,EE. UU.,Consumer,1361,Nike Men's CJ81 Elite Football Cleat,Men's Footwear,5,129.99,649.95,Standard Class,4,8,1,Late delivery,Midwest_Hub_Chicago,COMPLETE,North America
10132,20132,TX,EE. UU.,Corporate,1362,Under Armour Girls' Toddler Spine Surge,Cardio Equipment,1,39.99,39.99,Standard Class,4,4,0,Shipping on time,EastCoast_Hub_NJ,COMPLETE,North America
10133,20133,FL,EE. UU.,Consumer,1363,O'Brien Men's Neoprene Life Vest,Water Sports,3,49.98,149.94,Standard Class,4,4,0,Shipping on time,South_Hub_Dallas,COMPLETE,North America
10134,20134,IL,EE. UU.,Consumer,1364,Pelican Sun Dolphin 5-Seat Pedal Boat,Boating,4,649.99,2599.96,Standard Class,4,4,0,Shipping on time,Europe_Hub_Rotterdam,COMPLETE,North America
10135,20135,PA,EE. UU.,Corporate,1365,Diamondback Adult Response XE Mountain Bike,Shop By Sport,2,399.98,799.96,Standard Class,4,6,1,Late delivery,Pacific_Hub_LA,COMPLETE,North America
10136,20136,OH,EE. UU.,Corporate,1366,Field & Stream Sportsman 16 Gun Fire Safe,Hunting & Shooting,2,399.99,799.98,Second Class,2,2,0,Shipping on time,Midwest_Hub_Chicago,COMPLETE,North America
10137,20137,WA,EE. UU.,Corporate,1367,Titleist Pro V1x High Golf Balls (Dozen),Golf Balls,3,47.99,143.97,Standard Class,4,4,0,Shipping on time,EastCoast_Hub_NJ,COMPLETE,North America
10138,20138,GA,EE. UU.,Consumer,1368,Glove It Women's Urban Zoo Golf Bag,Golf Bags,1,179.99,179.99,Second Class,2,2,0,Shipping on time,South_Hub_Dallas,COMPLETE,North America
10139,20139,NC,EE. UU.,Home Office,1369,Fitbit Surge Fitness Superwatch,Fitness Accessories,3,249.95,749.85,Second Class,2,2,0,Shipping on time,Europe_Hub_Rotterdam,COMPLETE,North America
10140,20140,CA,EE. UU.,Consumer,1360,Perfect Fitness Perfect Rip Deck,Cleats,5,59.99,299.95,Standard Class,4,4,0,Shipping on time,Pacific_Hub_LA,PENDING_DISPATCH,North America
10141,20141,NY,EE. UU.,Consumer,1361,Nike Men's CJ81 Elite Football Cleat,Men's Footwear,3,129.99,389.97,First Class,1,1,0,Shipping on time,Midwest_Hub_Chicago,COMPLETE,North America
10142,20142,TX,EE. UU.,Consumer,1362,Under Armour Girls' Toddler Spine Surge,Cardio Equipment,1,39.99,39.99,First Class,1,2,1,Late delivery,EastCoast_Hub_NJ,COMPLETE,North America
10143,20143,FL,EE. UU.,Corporate,1363,O'Brien Men's Neoprene Life Vest,Water Sports,3,49.98,149.94,Standard Class,4,4,0,Shipping on time,South_Hub_Dallas,COMPLETE,North America
10144,20144,IL,EE. UU.,Home Office,1364,Pelican Sun Dolphin 5-Seat Pedal Boat,Boating,2,649.99,1299.98,Standard Class,4,4,0,Shipping on time,Europe_Hub_Rotterdam,COMPLETE,North America
10145,20145,PA,EE. UU.,Consumer,1365,Diamondback Adult Response XE Mountain Bike,Shop By Sport,3,399.98,1199.94,Standard Class,4,4,0,Shipping on time,Pacific_Hub_LA,COMPLETE,North America
10146,20146,OH,EE. UU.,Home Office,1366,Field & Stream Sportsman 16 Gun Fire Safe,Hunting & Shooting,2,399.99,799.98,Standard Class,4,4,0,Shipping on time,Midwest_Hub_Chicago,COMPLETE,North America
10147,20147,WA,EE. UU.,Corporate,1367,Titleist Pro V1x High Golf Balls (Dozen),Golf Balls,3,47.99,143.97,Standard Class,4,4,0,Shipping on time,EastCoast_Hub_NJ,COMPLETE,North America
10148,20148,GA,EE. UU.,Consumer,1368,Glove It Women's Urban Zoo Golf Bag,Golf Bags,4,179.99,719.96,Standard Class,4,4,0,Shipping on time,South_Hub_Dallas,COMPLETE,North America
10149,20149,NC,EE. UU.,Consumer,1369,Fitbit Surge Fitness Superwatch,Fitness Accessories,4,249.95,999.8,Standard Class,4,5,1,Late delivery,Europe_Hub_Rotterdam,COMPLETE,North America
10150,20150,CA,EE. UU.,Home Office,1360,Perfect Fitness Perfect Rip Deck,Cleats,3,59.99,179.97,Same Day,0,0,0,Shipping on time,Pacific_Hub_LA,PENDING_DISPATCH,North America
10151,20151,NY,EE. UU.,Consumer,1361,Nike Men's CJ81 Elite Football Cleat,Men's Footwear,5,129.99,649.95,Same Day,0,3,1,Late delivery,Midwest_Hub_Chicago,COMPLETE,North America
10152,20152,TX,EE. UU.,Consumer,1362,Under Armour Girls' Toddler Spine Surge,Cardio Equipment,3,39.99,119.97,Standard Class,4,4,0,Shipping on time,EastCoast_Hub_NJ,COMPLETE,North America
10153,20153,FL,EE. UU.,Home Office,1363,O'Brien Men's Neoprene Life Vest,Water Sports,3,49.98,149.94,Standard Class,4,6,1,Late delivery,South_Hub_Dallas,COMPLETE,North America
10154,20154,IL,EE. UU.,Consumer,1364,Pelican Sun Dolphin 5-Seat Pedal Boat,Boating,5,649.99,3249.95,Standard Class,4,4,0,Shipping on time,Europe_Hub_Rotterdam,COMPLETE,North America
10155,20155,PA,EE. UU.,Consumer,1365,Diamondback Adult Response XE Mountain Bike,Shop By Sport,1,399.98,399.98,Standard Class,4,4,0,Shipping on time,Pacific_Hub_LA,COMPLETE,North America
10156,20156,OH,EE. UU.,Corporate,1366,Field & Stream Sportsman 16 Gun Fire Safe,Hunting & Shooting,2,399.99,799.98,First Class,1,1,0,Shipping on time,Midwest_Hub_Chicago,COMPLETE,North America
10157,20157,WA,EE. UU.,Consumer,1367,Titleist Pro V1x High Golf Balls (Dozen),Golf Balls,2,47.99,95.98,Second Class,2,2,0,Shipping on time,EastCoast_Hub_NJ,COMPLETE,North America
10158,20158,GA,EE. UU.,Home Office,1368,Glove It Women's Urban Zoo Golf Bag,Golf Bags,4,179.99,719.96,Standard Class,4,4,0,Shipping on time,South_Hub_Dallas,COMPLETE,North America
10159,20159,NC,EE. UU.,Home Office,1369,Fitbit Surge Fitness Superwatch,Fitness Accessories,2,249.95,499.9,Standard Class,4,4,0,Shipping on time,Europe_Hub_Rotterdam,COMPLETE,North America
10160,20160,CA,EE. UU.,Home Office,1360,Perfect Fitness Perfect Rip Deck,Cleats,2,59.99,119.98,First Class,1,1,0,Shipping on time,Pacific_Hub_LA,PENDING_DISPATCH,North America
10161,20161,NY,EE. UU.,Corporate,1361,Nike Men's CJ81 Elite Football Cleat,Men's Footwear,3,129.99,389.97,Standard Class,4,4,0,Shipping on time,Midwest_Hub_Chicago,COMPLETE,North America
10162,20162,TX,EE. UU.,Corporate,1362,Under Armour Girls' Toddler Spine Surge,Cardio Equipment,3,39.99,119.97,Standard Class,4,4,0,Shipping on time,EastCoast_Hub_NJ,COMPLETE,North America
10163,20163,FL,EE. UU.,Consumer,1363,O'Brien Men's Neoprene Life Vest,Water Sports,1,49.98,49.98,Standard Class,4,4,0,Shipping on time,South_Hub_Dallas,COMPLETE,North America
10164,20164,IL,EE. UU.,Consumer,1364,Pelican Sun Dolphin 5-Seat Pedal Boat,Boating,2,649.99,1299.98,First Class,1,1,0,Shipping on time,Europe_Hub_Rotterdam,COMPLETE,North America
10165,20165,PA,EE. UU.,Corporate,1365,Diamondback Adult Response XE Mountain Bike,Shop By Sport,1,399.98,399.98,Standard Class,4,6,1,Late delivery,Pacific_Hub_LA,COMPLETE,North America
10166,20166,OH,EE. UU.,Corporate,1366,Field & Stream Sportsman 16 Gun Fire Safe,Hunting & Shooting,2,399.99,799.98,Second Class,2,2,0,Shipping on time,Midwest_Hub_Chicago,COMPLETE,North America
10167,20167,WA,EE. UU.,Corporate,1367,Titleist Pro V1x High Golf Balls (Dozen),Golf Balls,5,47.99,239.95,Second Class,2,2,0,Shipping on time,EastCoast_Hub_NJ,COMPLETE,North America
10168,20168,GA,EE. UU.,Home Office,1368,Glove It Women's Urban Zoo Golf Bag,Golf Bags,3,179.99,539.97,Same Day,0,0,0,Shipping on time,South_Hub_Dallas,COMPLETE,North America
10169,20169,NC,EE. UU.,Corporate,1369,Fitbit Surge Fitness Superwatch,Fitness Accessories,1,249.95,249.95,Second Class,2,2,0,Shipping on time,Europe_Hub_Rotterdam,COMPLETE,North America
10170,20170,CA,EE. UU.,Home Office,1360,Perfect Fitness Perfect Rip Deck,Cleats,1,59.99,59.99,Second Class,2,2,0,Shipping on time,Pacific_Hub_LA,PENDING_DISPATCH,North America
10171,20171,NY,EE. UU.,Consumer,1361,Nike Men's CJ81 Elite Football Cleat,Men's Footwear,1,129.99,129.99,Second Class,2,2,0,Shipping on time,Midwest_Hub_Chicago,COMPLETE,North America
10172,20172,TX,EE. UU.,Consumer,1362,Under Armour Girls' Toddler Spine Surge,Cardio Equipment,2,39.99,79.98,Standard Class,4,7,1,Late delivery,EastCoast_Hub_NJ,COMPLETE,North America
10173,20173,FL,EE. UU.,Home Office,1363,O'Brien Men's Neoprene Life Vest,Water Sports,4,49.98,199.92,Same Day,0,0,0,Shipping on time,South_Hub_Dallas,COMPLETE,North America
10174,20174,IL,EE. UU.,Corporate,1364,Pelican Sun Dolphin 5-Seat Pedal Boat,Boating,2,649.99,1299.98,Second Class,2,4,1,Late delivery,Europe_Hub_Rotterdam,COMPLETE,North America
10175,20175,PA,EE. UU.,Consumer,1365,Diamondback Adult Response XE Mountain Bike,Shop By Sport,3,399.98,1199.94,First Class,1,1,0,Shipping on time,Pacific_Hub_LA,COMPLETE,North America
10176,20176,OH,EE. UU.,Corporate,1366,Field & Stream Sportsman 16 Gun Fire Safe,Hunting & Shooting,5,399.99,1999.95,Standard Class,4,6,1,Late delivery,Midwest_Hub_Chicago,COMPLETE,North America
10177,20177,WA,EE. UU.,Home Office,1367,Titleist Pro V1x High Golf Balls (Dozen),Golf Balls,1,47.99,47.99,Second Class,2,2,0,Shipping on time,EastCoast_Hub_NJ,COMPLETE,North America
10178,20178,GA,EE. UU.,Consumer,1368,Glove It Women's Urban Zoo Golf Bag,Golf Bags,4,179.99,719.96,First Class,1,4,1,Late delivery,South_Hub_Dallas,COMPLETE,North America
10179,20179,NC,EE. UU.,Consumer,1369,Fitbit Surge Fitness Superwatch,Fitness Accessories,1,249.95,249.95,First Class,1,4,1,Late delivery,Europe_Hub_Rotterdam,COMPLETE,North America
10180,20180,CA,EE. UU.,Home Office,1360,Perfect Fitness Perfect Rip Deck,Cleats,2,59.99,119.98,Standard Class,4,4,0,Shipping on time,Pacific_Hub_LA,PENDING_DISPATCH,North America
10181,20181,NY,EE. UU.,Consumer,1361,Nike Men's CJ81 Elite Football Cleat,Men's Footwear,4,129.99,519.96,Second Class,2,4,1,Late delivery,Midwest_Hub_Chicago,COMPLETE,North America
10182,20182,TX,EE. UU.,Corporate,1362,Under Armour Girls' Toddler Spine Surge,Cardio Equipment,5,39.99,199.95,First Class,1,1,0,Shipping on time,EastCoast_Hub_NJ,COMPLETE,North America
10183,20183,FL,EE. UU.,Consumer,1363,O'Brien Men's Neoprene Life Vest,Water Sports,3,49.98,149.94,Standard Class,4,4,0,Shipping on time,South_Hub_Dallas,COMPLETE,North America
10184,20184,IL,EE. UU.,Corporate,1364,Pelican Sun Dolphin 5-Seat Pedal Boat,Boating,2,649.99,1299.98,Standard Class,4,4,0,Shipping on time,Europe_Hub_Rotterdam,COMPLETE,North America
10185,20185,PA,EE. UU.,Consumer,1365,Diamondback Adult Response XE Mountain Bike,Shop By Sport,3,399.98,1199.94,Same Day,0,0,0,Shipping on time,Pacific_Hub_LA,COMPLETE,North America
10186,20186,OH,EE. UU.,Home Office,1366,Field & Stream Sportsman 16 Gun Fire Safe,Hunting & Shooting,5,399.99,1999.95,Standard Class,4,4,0,Shipping on time,Midwest_Hub_Chicago,COMPLETE,North America
10187,20187,WA,EE. UU.,Home Office,1367,Titleist Pro V1x High Golf Balls (Dozen),Golf Balls,5,47.99,239.95,Standard Class,4,4,0,Shipping on time,EastCoast_Hub_NJ,COMPLETE,North America
10188,20188,GA,EE. UU.,Consumer,1368,Glove It Women's Urban Zoo Golf Bag,Golf Bags,4,179.99,719.96,Standard Class,4,5,1,Late delivery,South_Hub_Dallas,COMPLETE,North America
10189,20189,NC,EE. UU.,Corporate,1369,Fitbit Surge Fitness Superwatch,Fitness Accessories,2,249.95,499.9,Standard Class,4,6,1,Late delivery,Europe_Hub_Rotterdam,COMPLETE,North America
10190,20190,CA,EE. UU.,Home Office,1360,Perfect Fitness Perfect Rip Deck,Cleats,3,59.99,179.97,Standard Class,4,4,0,Shipping on time,Pacific_Hub_LA,PENDING_DISPATCH,North America
10191,20191,NY,EE. UU.,Home Office,1361,Nike Men's CJ81 Elite Football Cleat,Men's Footwear,5,129.99,649.95,Standard Class,4,4,0,Shipping on time,Midwest_Hub_Chicago,COMPLETE,North America
10192,20192,TX,EE. UU.,Home Office,1362,Under Armour Girls' Toddler Spine Surge,Cardio Equipment,4,39.99,159.96,Standard Class,4,4,0,Shipping on time,EastCoast_Hub_NJ,COMPLETE,North America
10193,20193,FL,EE. UU.,Corporate,1363,O'Brien Men's Neoprene Life Vest,Water Sports,2,49.98,99.96,Second Class,2,2,0,Shipping on time,South_Hub_Dallas,COMPLETE,North America
10194,20194,IL,EE. UU.,Consumer,1364,Pelican Sun Dolphin 5-Seat Pedal Boat,Boating,3,649.99,1949.97,Standard Class,4,6,1,Late delivery,Europe_Hub_Rotterdam,COMPLETE,North America
10195,20195,PA,EE. UU.,Corporate,1365,Diamondback Adult Response XE Mountain Bike,Shop By Sport,2,399.98,799.96,First Class,1,1,0,Shipping on time,Pacific_Hub_LA,COMPLETE,North America
10196,20196,OH,EE. UU.,Consumer,1366,Field & Stream Sportsman 16 Gun Fire Safe,Hunting & Shooting,2,399.99,799.98,Second Class,2,2,0,Shipping on time,Midwest_Hub_Chicago,COMPLETE,North America
10197,20197,WA,EE. UU.,Corporate,1367,Titleist Pro V1x High Golf Balls (Dozen),Golf Balls,4,47.99,191.96,Same Day,0,0,0,Shipping on time,EastCoast_Hub_NJ,COMPLETE,North America
10198,20198,GA,EE. UU.,Corporate,1368,Glove It Women's Urban Zoo Golf Bag,Golf Bags,4,179.99,719.96,Second Class,2,6,1,Late delivery,South_Hub_Dallas,COMPLETE,North America
10199,20199,NC,EE. UU.,Consumer,1369,Fitbit Surge Fitness Superwatch,Fitness Accessories,2,249.95,499.9,Second Class,2,2,0,Shipping on time,Europe_Hub_Rotterdam,COMPLETE,North America
10200,20200,CA,EE. UU.,Consumer,1360,Perfect Fitness Perfect Rip Deck,Cleats,1,59.99,59.99,Standard Class,4,8,1,Late delivery,Pacific_Hub_LA,PENDING_DISPATCH,North America
10201,20201,NY,EE. UU.,Consumer,1361,Nike Men's CJ81 Elite Football Cleat,Men's Footwear,5,129.99,649.95,Standard Class,4,7,1,Late delivery,Midwest_Hub_Chicago,COMPLETE,North America
10202,20202,TX,EE. UU.,Consumer,1362,Under Armour Girls' Toddler Spine Surge,Cardio Equipment,1,39.99,39.99,Standard Class,4,4,0,Shipping on time,EastCoast_Hub_NJ,COMPLETE,North America
10203,20203,FL,EE. UU.,Corporate,1363,O'Brien Men's Neoprene Life Vest,Water Sports,5,49.98,249.9,Standard Class,4,5,1,Late delivery,South_Hub_Dallas,COMPLETE,North America
10204,20204,IL,EE. UU.,Consumer,1364,Pelican Sun Dolphin 5-Seat Pedal Boat,Boating,3,649.99,1949.97,Standard Class,4,4,0,Shipping on time,Europe_Hub_Rotterdam,COMPLETE,North America
10205,20205,PA,EE. UU.,Consumer,1365,Diamondback Adult Response XE Mountain Bike,Shop By Sport,2,399.98,799.96,Standard Class,4,6,1,Late delivery,Pacific_Hub_LA,COMPLETE,North America
10206,20206,OH,EE. UU.,Consumer,1366,Field & Stream Sportsman 16 Gun Fire Safe,Hunting & Shooting,5,399.99,1999.95,Standard Class,4,4,0,Shipping on time,Midwest_Hub_Chicago,COMPLETE,North America
10207,20207,WA,EE. UU.,Consumer,1367,Titleist Pro V1x High Golf Balls (Dozen),Golf Balls,3,47.99,143.97,Second Class,2,2,0,Shipping on time,EastCoast_Hub_NJ,COMPLETE,North America
10208,20208,GA,EE. UU.,Corporate,1368,Glove It Women's Urban Zoo Golf Bag,Golf Bags,3,179.99,539.97,Standard Class,4,8,1,Late delivery,South_Hub_Dallas,COMPLETE,North America
10209,20209,NC,EE. UU.,Home Office,1369,Fitbit Surge Fitness Superwatch,Fitness Accessories,3,249.95,749.85,Standard Class,4,4,0,Shipping on time,Europe_Hub_Rotterdam,COMPLETE,North America
10210,20210,CA,EE. UU.,Consumer,1360,Perfect Fitness Perfect Rip Deck,Cleats,3,59.99,179.97,Standard Class,4,4,0,Shipping on time,Pacific_Hub_LA,PENDING_DISPATCH,North America
10211,20211,NY,EE. UU.,Consumer,1361,Nike Men's CJ81 Elite Football Cleat,Men's Footwear,1,129.99,129.99,Standard Class,4,5,1,Late delivery,Midwest_Hub_Chicago,COMPLETE,North America
10212,20212,TX,EE. UU.,Corporate,1362,Under Armour Girls' Toddler Spine Surge,Cardio Equipment,5,39.99,199.95,Standard Class,4,5,1,Late delivery,EastCoast_Hub_NJ,COMPLETE,North America
10213,20213,FL,EE. UU.,Corporate,1363,O'Brien Men's Neoprene Life Vest,Water Sports,1,49.98,49.98,Standard Class,4,4,0,Shipping on time,South_Hub_Dallas,COMPLETE,North America
10214,20214,IL,EE. UU.,Corporate,1364,Pelican Sun Dolphin 5-Seat Pedal Boat,Boating,4,649.99,2599.96,Standard Class,4,4,0,Shipping on time,Europe_Hub_Rotterdam,COMPLETE,North America
10215,20215,PA,EE. UU.,Home Office,1365,Diamondback Adult Response XE Mountain Bike,Shop By Sport,5,399.98,1999.9,Standard Class,4,4,0,Shipping on time,Pacific_Hub_LA,COMPLETE,North America
10216,20216,OH,EE. UU.,Corporate,1366,Field & Stream Sportsman 16 Gun Fire Safe,Hunting & Shooting,2,399.99,799.98,First Class,1,1,0,Shipping on time,Midwest_Hub_Chicago,COMPLETE,North America
10217,20217,WA,EE. UU.,Corporate,1367,Titleist Pro V1x High Golf Balls (Dozen),Golf Balls,2,47.99,95.98,Same Day,0,0,0,Shipping on time,EastCoast_Hub_NJ,COMPLETE,North America
10218,20218,GA,EE. UU.,Consumer,1368,Glove It Women's Urban Zoo Golf Bag,Golf Bags,1,179.99,179.99,Second Class,2,2,0,Shipping on time,South_Hub_Dallas,COMPLETE,North America
10219,20219,NC,EE. UU.,Consumer,1369,Fitbit Surge Fitness Superwatch,Fitness Accessories,2,249.95,499.9,Standard Class,4,4,0,Shipping on time,Europe_Hub_Rotterdam,COMPLETE,North America
10220,20220,CA,EE. UU.,Consumer,1360,Perfect Fitness Perfect Rip Deck,Cleats,5,59.99,299.95,Standard Class,4,5,1,Late delivery,Pacific_Hub_LA,PENDING_DISPATCH,North America
10221,20221,NY,EE. UU.,Consumer,1361,Nike Men's CJ81 Elite Football Cleat,Men's Footwear,4,129.99,519.96,Second Class,2,2,0,Shipping on time,Midwest_Hub_Chicago,COMPLETE,North America
10222,20222,TX,EE. UU.,Consumer,1362,Under Armour Girls' Toddler Spine Surge,Cardio Equipment,4,39.99,159.96,First Class,1,1,0,Shipping on time,EastCoast_Hub_NJ,COMPLETE,North America
10223,20223,FL,EE. UU.,Consumer,1363,O'Brien Men's Neoprene Life Vest,Water Sports,4,49.98,199.92,Second Class,2,3,1,Late delivery,South_Hub_Dallas,COMPLETE,North America
10224,20224,IL,EE. UU.,Home Office,1364,Pelican Sun Dolphin 5-Seat Pedal Boat,Boating,1,649.99,649.99,Standard Class,4,8,1,Late delivery,Europe_Hub_Rotterdam,COMPLETE,North America
10225,20225,PA,EE. UU.,Home Office,1365,Diamondback Adult Response XE Mountain Bike,Shop By Sport,3,399.98,1199.94,Standard Class,4,4,0,Shipping on time,Pacific_Hub_LA,COMPLETE,North America
10226,20226,OH,EE. UU.,Consumer,1366,Field & Stream Sportsman 16 Gun Fire Safe,Hunting & Shooting,3,399.99,1199.97,Standard Class,4,4,0,Shipping on time,Midwest_Hub_Chicago,COMPLETE,North America
10227,20227,WA,EE. UU.,Corporate,1367,Titleist Pro V1x High Golf Balls (Dozen),Golf Balls,4,47.99,191.96,Standard Class,4,4,0,Shipping on time,EastCoast_Hub_NJ,COMPLETE,North America
10228,20228,GA,EE. UU.,Consumer,1368,Glove It Women's Urban Zoo Golf Bag,Golf Bags,1,179.99,179.99,First Class,1,2,1,Late delivery,South_Hub_Dallas,COMPLETE,North America
10229,20229,NC,EE. UU.,Corporate,1369,Fitbit Surge Fitness Superwatch,Fitness Accessories,3,249.95,749.85,First Class,1,1,0,Shipping on time,Europe_Hub_Rotterdam,COMPLETE,North America
10230,20230,CA,EE. UU.,Corporate,1360,Perfect Fitness Perfect Rip Deck,Cleats,1,59.99,59.99,Standard Class,4,4,0,Shipping on time,Pacific_Hub_LA,PENDING_DISPATCH,North America
10231,20231,NY,EE. UU.,Home Office,1361,Nike Men's CJ81 Elite Football Cleat,Men's Footwear,3,129.99,389.97,Standard Class,4,4,0,Shipping on time,Midwest_Hub_Chicago,COMPLETE,North America
10232,20232,TX,EE. UU.,Corporate,1362,Under Armour Girls' Toddler Spine Surge,Cardio Equipment,1,39.99,39.99,Standard Class,4,6,1,Late delivery,EastCoast_Hub_NJ,COMPLETE,North America
10233,20233,FL,EE. UU.,Home Office,1363,O'Brien Men's Neoprene Life Vest,Water Sports,2,49.98,99.96,Standard Class,4,7,1,Late delivery,South_Hub_Dallas,COMPLETE,North America
10234,20234,IL,EE. UU.,Home Office,1364,Pelican Sun Dolphin 5-Seat Pedal Boat,Boating,4,649.99,2599.96,Second Class,2,4,1,Late delivery,Europe_Hub_Rotterdam,COMPLETE,North America
10235,20235,PA,EE. UU.,Home Office,1365,Diamondback Adult Response XE Mountain Bike,Shop By Sport,2,399.98,799.96,Standard Class,4,4,0,Shipping on time,Pacific_Hub_LA,COMPLETE,North America
10236,20236,OH,EE. UU.,Corporate,1366,Field & Stream Sportsman 16 Gun Fire Safe,Hunting & Shooting,1,399.99,399.99,Standard Class,4,4,0,Shipping on time,Midwest_Hub_Chicago,COMPLETE,North America
10237,20237,WA,EE. UU.,Corporate,1367,Titleist Pro V1x High Golf Balls (Dozen),Golf Balls,4,47.99,191.96,Standard Class,4,4,0,Shipping on time,EastCoast_Hub_NJ,COMPLETE,North America
10238,20238,GA,EE. UU.,Corporate,1368,Glove It Women's Urban Zoo Golf Bag,Golf Bags,5,179.99,899.95,Second Class,2,2,0,Shipping on time,South_Hub_Dallas,COMPLETE,North America
10239,20239,NC,EE. UU.,Corporate,1369,Fitbit Surge Fitness Superwatch,Fitness Accessories,3,249.95,749.85,First Class,1,1,0,Shipping on time,Europe_Hub_Rotterdam,COMPLETE,North America
10240,20240,CA,EE. UU.,Consumer,1360,Perfect Fitness Perfect Rip Deck,Cleats,1,59.99,59.99,Standard Class,4,6,1,Late delivery,Pacific_Hub_LA,PENDING_DISPATCH,North America
10241,20241,NY,EE. UU.,Corporate,1361,Nike Men's CJ81 Elite Football Cleat,Men's Footwear,4,129.99,519.96,Same Day,0,0,0,Shipping on time,Midwest_Hub_Chicago,COMPLETE,North America
10242,20242,TX,EE. UU.,Corporate,1362,Under Armour Girls' Toddler Spine Surge,Cardio Equipment,5,39.99,199.95,Standard Class,4,4,0,Shipping on time,EastCoast_Hub_NJ,COMPLETE,North America
10243,20243,FL,EE. UU.,Corporate,1363,O'Brien Men's Neoprene Life Vest,Water Sports,5,49.98,249.9,Standard Class,4,4,0,Shipping on time,South_Hub_Dallas,COMPLETE,North America
10244,20244,IL,EE. UU.,Consumer,1364,Pelican Sun Dolphin 5-Seat Pedal Boat,Boating,3,649.99,1949.97,Standard Class,4,8,1,Late delivery,Europe_Hub_Rotterdam,COMPLETE,North America
10245,20245,PA,EE. UU.,Corporate,1365,Diamondback Adult Response XE Mountain Bike,Shop By Sport,2,399.98,799.96,Standard Class,4,6,1,Late delivery,Pacific_Hub_LA,COMPLETE,North America
10246,20246,OH,EE. UU.,Consumer,1366,Field & Stream Sportsman 16 Gun Fire Safe,Hunting & Shooting,1,399.99,399.99,Same Day,0,2,1,Late delivery,Midwest_Hub_Chicago,COMPLETE,North America
10247,20247,WA,EE. UU.,Consumer,1367,Titleist Pro V1x High Golf Balls (Dozen),Golf Balls,3,47.99,143.97,First Class,1,1,0,Shipping on time,EastCoast_Hub_NJ,COMPLETE,North America
10248,20248,GA,EE. UU.,Consumer,1368,Glove It Women's Urban Zoo Golf Bag,Golf Bags,4,179.99,719.96,Standard Class,4,4,0,Shipping on time,South_Hub_Dallas,COMPLETE,North America
10249,20249,NC,EE. UU.,Home Office,1369,Fitbit Surge Fitness Superwatch,Fitness Accessories,3,249.95,749.85,Standard Class,4,4,0,Shipping on time,Europe_Hub_Rotterdam,COMPLETE,North America
10250,20000,CA,EE. UU.,Consumer,1360,Perfect Fitness Perfect Rip Deck,Cleats,2,59.99,119.98,Second Class,2,2,0,Shipping on time,Pacific_Hub_LA,PENDING_DISPATCH,North America
10251,20001,NY,EE. UU.,Home Office,1361,Nike Men's CJ81 Elite Football Cleat,Men's Footwear,2,129.99,259.98,Standard Class,4,4,0,Shipping on time,Midwest_Hub_Chicago,COMPLETE,North America
10252,20002,TX,EE. UU.,Home Office,1362,Under Armour Girls' Toddler Spine Surge,Cardio Equipment,2,39.99,79.98,First Class,1,1,0,Shipping on time,EastCoast_Hub_NJ,COMPLETE,North America
10253,20003,FL,EE. UU.,Consumer,1363,O'Brien Men's Neoprene Life Vest,Water Sports,2,49.98,99.96,Standard Class,4,8,1,Late delivery,South_Hub_Dallas,COMPLETE,North America
10254,20004,IL,EE. UU.,Corporate,1364,Pelican Sun Dolphin 5-Seat Pedal Boat,Boating,2,649.99,1299.98,Standard Class,4,4,0,Shipping on time,Europe_Hub_Rotterdam,COMPLETE,North America
10255,20005,PA,EE. UU.,Consumer,1365,Diamondback Adult Response XE Mountain Bike,Shop By Sport,3,399.98,1199.94,Standard Class,4,5,1,Late delivery,Pacific_Hub_LA,COMPLETE,North America
10256,20006,OH,EE. UU.,Corporate,1366,Field & Stream Sportsman 16 Gun Fire Safe,Hunting & Shooting,2,399.99,799.98,First Class,1,1,0,Shipping on time,Midwest_Hub_Chicago,COMPLETE,North America
10257,20007,WA,EE. UU.,Corporate,1367,Titleist Pro V1x High Golf Balls (Dozen),Golf Balls,4,47.99,191.96,Standard Class,4,4,0,Shipping on time,EastCoast_Hub_NJ,COMPLETE,North America
10258,20008,GA,EE. UU.,Consumer,1368,Glove It Women's Urban Zoo Golf Bag,Golf Bags,2,179.99,359.98,Second Class,2,5,1,Late delivery,South_Hub_Dallas,COMPLETE,North America
10259,20009,NC,EE. UU.,Home Office,1369,Fitbit Surge Fitness Superwatch,Fitness Accessories,5,249.95,1249.75,First Class,1,3,1,Late delivery,Europe_Hub_Rotterdam,COMPLETE,North America
10260,20010,CA,EE. UU.,Consumer,1360,Perfect Fitness Perfect Rip Deck,Cleats,2,59.99,119.98,Standard Class,4,4,0,Shipping on time,Pacific_Hub_LA,PENDING_DISPATCH,North America
10261,20011,NY,EE. UU.,Home Office,1361,Nike Men's CJ81 Elite Football Cleat,Men's Footwear,1,129.99,129.99,Second Class,2,2,0,Shipping on time,Midwest_Hub_Chicago,COMPLETE,North America
10262,20012,TX,EE. UU.,Consumer,1362,Under Armour Girls' Toddler Spine Surge,Cardio Equipment,2,39.99,79.98,Standard Class,4,4,0,Shipping on time,EastCoast_Hub_NJ,COMPLETE,North America
10263,20013,FL,EE. UU.,Home Office,1363,O'Brien Men's Neoprene Life Vest,Water Sports,2,49.98,99.96,Standard Class,4,4,0,Shipping on time,South_Hub_Dallas,COMPLETE,North America
10264,20014,IL,EE. UU.,Consumer,1364,Pelican Sun Dolphin 5-Seat Pedal Boat,Boating,2,649.99,1299.98,Second Class,2,2,0,Shipping on time,Europe_Hub_Rotterdam,COMPLETE,North America
10265,20015,PA,EE. UU.,Consumer,1365,Diamondback Adult Response XE Mountain Bike,Shop By Sport,3,399.98,1199.94,Standard Class,4,4,0,Shipping on time,Pacific_Hub_LA,COMPLETE,North America
10266,20016,OH,EE. UU.,Consumer,1366,Field & Stream Sportsman 16 Gun Fire Safe,Hunting & Shooting,3,399.99,1199.97,Standard Class,4,4,0,Shipping on time,Midwest_Hub_Chicago,COMPLETE,North America
10267,20017,WA,EE. UU.,Consumer,1367,Titleist Pro V1x High Golf Balls (Dozen),Golf Balls,5,47.99,239.95,Standard Class,4,4,0,Shipping on time,EastCoast_Hub_NJ,COMPLETE,North America
10268,20018,GA,EE. UU.,Home Office,1368,Glove It Women's Urban Zoo Golf Bag,Golf Bags,5,179.99,899.95,Standard Class,4,6,1,Late delivery,South_Hub_Dallas,COMPLETE,North America
10269,20019,NC,EE. UU.,Consumer,1369,Fitbit Surge Fitness Superwatch,Fitness Accessories,1,249.95,249.95,Standard Class,4,4,0,Shipping on time,Europe_Hub_Rotterdam,COMPLETE,North America
10270,20020,CA,EE. UU.,Home Office,1360,Perfect Fitness Perfect Rip Deck,Cleats,5,59.99,299.95,Standard Class,4,6,1,Late delivery,Pacific_Hub_LA,PENDING_DISPATCH,North America
10271,20021,NY,EE. UU.,Consumer,1361,Nike Men's CJ81 Elite Football Cleat,Men's Footwear,1,129.99,129.99,Second Class,2,2,0,Shipping on time,Midwest_Hub_Chicago,COMPLETE,North America
10272,20022,TX,EE. UU.,Consumer,1362,Under Armour Girls' Toddler Spine Surge,Cardio Equipment,5,39.99,199.95,First Class,1,1,0,Shipping on time,EastCoast_Hub_NJ,COMPLETE,North America
10273,20023,FL,EE. UU.,Corporate,1363,O'Brien Men's Neoprene Life Vest,Water Sports,5,49.98,249.9,Second Class,2,2,0,Shipping on time,South_Hub_Dallas,COMPLETE,North America
10274,20024,IL,EE. UU.,Consumer,1364,Pelican Sun Dolphin 5-Seat Pedal Boat,Boating,2,649.99,1299.98,Second Class,2,3,1,Late delivery,Europe_Hub_Rotterdam,COMPLETE,North America
10275,20025,PA,EE. UU.,Consumer,1365,Diamondback Adult Response XE Mountain Bike,Shop By Sport,5,399.98,1999.9,Second Class,2,5,1,Late delivery,Pacific_Hub_LA,COMPLETE,North America
10276,20026,OH,EE. UU.,Consumer,1366,Field & Stream Sportsman 16 Gun Fire Safe,Hunting & Shooting,5,399.99,1999.95,Standard Class,4,4,0,Shipping on time,Midwest_Hub_Chicago,COMPLETE,North America
10277,20027,WA,EE. UU.,Home Office,1367,Titleist Pro V1x High Golf Balls (Dozen),Golf Balls,3,47.99,143.97,Second Class,2,2,0,Shipping on time,EastCoast_Hub_NJ,COMPLETE,North America
10278,20028,GA,EE. UU.,Consumer,1368,Glove It Women's Urban Zoo Golf Bag,Golf Bags,1,179.99,179.99,Standard Class,4,4,0,Shipping on time,South_Hub_Dallas,COMPLETE,North America
10279,20029,NC,EE. UU.,Home Office,1369,Fitbit Surge Fitness Superwatch,Fitness Accessories,2,249.95,499.9,Standard Class,4,4,0,Shipping on time,Europe_Hub_Rotterdam,COMPLETE,North America
10280,20030,CA,EE. UU.,Home Office,1360,Perfect Fitness Perfect Rip Deck,Cleats,4,59.99,239.96,Standard Class,4,5,1,Late delivery,Pacific_Hub_LA,PENDING_DISPATCH,North America
10281,20031,NY,EE. UU.,Home Office,1361,Nike Men's CJ81 Elite Football Cleat,Men's Footwear,4,129.99,519.96,Standard Class,4,4,0,Shipping on time,Midwest_Hub_Chicago,COMPLETE,North America
10282,20032,TX,EE. UU.,Corporate,1362,Under Armour Girls' Toddler Spine Surge,Cardio Equipment,4,39.99,159.96,Same Day,0,0,0,Shipping on time,EastCoast_Hub_NJ,COMPLETE,North America
10283,20033,FL,EE. UU.,Consumer,1363,O'Brien Men's Neoprene Life Vest,Water Sports,4,49.98,199.92,Standard Class,4,4,0,Shipping on time,South_Hub_Dallas,COMPLETE,North America
10284,20034,IL,EE. UU.,Corporate,1364,Pelican Sun Dolphin 5-Seat Pedal Boat,Boating,4,649.99,2599.96,Standard Class,4,4,0,Shipping on time,Europe_Hub_Rotterdam,COMPLETE,North America
10285,20035,PA,EE. UU.,Consumer,1365,Diamondback Adult Response XE Mountain Bike,Shop By Sport,4,399.98,1599.92,Standard Class,4,4,0,Shipping on time,Pacific_Hub_LA,COMPLETE,North America
10286,20036,OH,EE. UU.,Consumer,1366,Field & Stream Sportsman 16 Gun Fire Safe,Hunting & Shooting,1,399.99,399.99,Standard Class,4,4,0,Shipping on time,Midwest_Hub_Chicago,COMPLETE,North America
10287,20037,WA,EE. UU.,Corporate,1367,Titleist Pro V1x High Golf Balls (Dozen),Golf Balls,4,47.99,191.96,Standard Class,4,6,1,Late delivery,EastCoast_Hub_NJ,COMPLETE,North America
10288,20038,GA,EE. UU.,Consumer,1368,Glove It Women's Urban Zoo Golf Bag,Golf Bags,4,179.99,719.96,Second Class,2,6,1,Late delivery,South_Hub_Dallas,COMPLETE,North America
10289,20039,NC,EE. UU.,Consumer,1369,Fitbit Surge Fitness Superwatch,Fitness Accessories,2,249.95,499.9,Second Class,2,2,0,Shipping on time,Europe_Hub_Rotterdam,COMPLETE,North America
10290,20040,CA,EE. UU.,Consumer,1360,Perfect Fitness Perfect Rip Deck,Cleats,5,59.99,299.95,Standard Class,4,4,0,Shipping on time,Pacific_Hub_LA,PENDING_DISPATCH,North America
10291,20041,NY,EE. UU.,Home Office,1361,Nike Men's CJ81 Elite Football Cleat,Men's Footwear,4,129.99,519.96,Standard Class,4,4,0,Shipping on time,Midwest_Hub_Chicago,COMPLETE,North America
10292,20042,TX,EE. UU.,Home Office,1362,Under Armour Girls' Toddler Spine Surge,Cardio Equipment,4,39.99,159.96,Standard Class,4,4,0,Shipping on time,EastCoast_Hub_NJ,COMPLETE,North America
10293,20043,FL,EE. UU.,Corporate,1363,O'Brien Men's Neoprene Life Vest,Water Sports,2,49.98,99.96,Second Class,2,2,0,Shipping on time,South_Hub_Dallas,COMPLETE,North America
10294,20044,IL,EE. UU.,Corporate,1364,Pelican Sun Dolphin 5-Seat Pedal Boat,Boating,1,649.99,649.99,Same Day,0,0,0,Shipping on time,Europe_Hub_Rotterdam,COMPLETE,North America
10295,20045,PA,EE. UU.,Home Office,1365,Diamondback Adult Response XE Mountain Bike,Shop By Sport,2,399.98,799.96,Standard Class,4,4,0,Shipping on time,Pacific_Hub_LA,COMPLETE,North America
10296,20046,OH,EE. UU.,Home Office,1366,Field & Stream Sportsman 16 Gun Fire Safe,Hunting & Shooting,5,399.99,1999.95,Standard Class,4,4,0,Shipping on time,Midwest_Hub_Chicago,COMPLETE,North America
10297,20047,WA,EE. UU.,Consumer,1367,Titleist Pro V1x High Golf Balls (Dozen),Golf Balls,4,47.99,191.96,Standard Class,4,4,0,Shipping on time,EastCoast_Hub_NJ,COMPLETE,North America
10298,20048,GA,EE. UU.,Home Office,1368,Glove It Women's Urban Zoo Golf Bag,Golf Bags,3,179.99,539.97,Standard Class,4,7,1,Late delivery,South_Hub_Dallas,COMPLETE,North America
10299,20049,NC,EE. UU.,Corporate,1369,Fitbit Surge Fitness Superwatch,Fitness Accessories,5,249.95,1249.75,First Class,1,1,0,Shipping on time,Europe_Hub_Rotterdam,COMPLETE,North America
10300,20050,CA,EE. UU.,Consumer,1360,Perfect Fitness Perfect Rip Deck,Cleats,5,59.99,299.95,Second Class,2,2,0,Shipping on time,Pacific_Hub_LA,PENDING_DISPATCH,North America
10301,20051,NY,EE. UU.,Consumer,1361,Nike Men's CJ81 Elite Football Cleat,Men's Footwear,4,129.99,519.96,Standard Class,4,4,0,Shipping on time,Midwest_Hub_Chicago,COMPLETE,North America
10302,20052,TX,EE. UU.,Consumer,1362,Under Armour Girls' Toddler Spine Surge,Cardio Equipment,3,39.99,119.97,Standard Class,4,4,0,Shipping on time,EastCoast_Hub_NJ,COMPLETE,North America
10303,20053,FL,EE. UU.,Consumer,1363,O'Brien Men's Neoprene Life Vest,Water Sports,2,49.98,99.96,First Class,1,1,0,Shipping on time,South_Hub_Dallas,COMPLETE,North America
10304,20054,IL,EE. UU.,Corporate,1364,Pelican Sun Dolphin 5-Seat Pedal Boat,Boating,2,649.99,1299.98,Standard Class,4,4,0,Shipping on time,Europe_Hub_Rotterdam,COMPLETE,North America
10305,20055,PA,EE. UU.,Consumer,1365,Diamondback Adult Response XE Mountain Bike,Shop By Sport,1,399.98,399.98,Standard Class,4,4,0,Shipping on time,Pacific_Hub_LA,COMPLETE,North America
10306,20056,OH,EE. UU.,Consumer,1366,Field & Stream Sportsman 16 Gun Fire Safe,Hunting & Shooting,5,399.99,1999.95,Standard Class,4,4,0,Shipping on time,Midwest_Hub_Chicago,COMPLETE,North America
10307,20057,WA,EE. UU.,Home Office,1367,Titleist Pro V1x High Golf Balls (Dozen),Golf Balls,5,47.99,239.95,Standard Class,4,4,0,Shipping on time,EastCoast_Hub_NJ,COMPLETE,North America
10308,20058,GA,EE. UU.,Corporate,1368,Glove It Women's Urban Zoo Golf Bag,Golf Bags,1,179.99,179.99,Same Day,0,4,1,Late delivery,South_Hub_Dallas,COMPLETE,North America
10309,20059,NC,EE. UU.,Corporate,1369,Fitbit Surge Fitness Superwatch,Fitness Accessories,1,249.95,249.95,Standard Class,4,4,0,Shipping on time,Europe_Hub_Rotterdam,COMPLETE,North America
10310,20060,CA,EE. UU.,Consumer,1360,Perfect Fitness Perfect Rip Deck,Cleats,3,59.99,179.97,First Class,1,2,1,Late delivery,Pacific_Hub_LA,PENDING_DISPATCH,North America
10311,20061,NY,EE. UU.,Corporate,1361,Nike Men's CJ81 Elite Football Cleat,Men's Footwear,3,129.99,389.97,Standard Class,4,4,0,Shipping on time,Midwest_Hub_Chicago,COMPLETE,North America
10312,20062,TX,EE. UU.,Consumer,1362,Under Armour Girls' Toddler Spine Surge,Cardio Equipment,3,39.99,119.97,Same Day,0,0,0,Shipping on time,EastCoast_Hub_NJ,COMPLETE,North America
10313,20063,FL,EE. UU.,Consumer,1363,O'Brien Men's Neoprene Life Vest,Water Sports,1,49.98,49.98,Second Class,2,2,0,Shipping on time,South_Hub_Dallas,COMPLETE,North America
10314,20064,IL,EE. UU.,Consumer,1364,Pelican Sun Dolphin 5-Seat Pedal Boat,Boating,1,649.99,649.99,Standard Class,4,4,0,Shipping on time,Europe_Hub_Rotterdam,COMPLETE,North America
10315,20065,PA,EE. UU.,Home Office,1365,Diamondback Adult Response XE Mountain Bike,Shop By Sport,2,399.98,799.96,Standard Class,4,4,0,Shipping on time,Pacific_Hub_LA,COMPLETE,North America
10316,20066,OH,EE. UU.,Consumer,1366,Field & Stream Sportsman 16 Gun Fire Safe,Hunting & Shooting,4,399.99,1599.96,First Class,1,1,0,Shipping on time,Midwest_Hub_Chicago,COMPLETE,North America
10317,20067,WA,EE. UU.,Home Office,1367,Titleist Pro V1x High Golf Balls (Dozen),Golf Balls,2,47.99,95.98,First Class,1,1,0,Shipping on time,EastCoast_Hub_NJ,COMPLETE,North America
10318,20068,GA,EE. UU.,Consumer,1368,Glove It Women's Urban Zoo Golf Bag,Golf Bags,4,179.99,719.96,Standard Class,4,4,0,Shipping on time,South_Hub_Dallas,COMPLETE,North America
10319,20069,NC,EE. UU.,Consumer,1369,Fitbit Surge Fitness Superwatch,Fitness Accessories,2,249.95,499.9,Standard Class,4,5,1,Late delivery,Europe_Hub_Rotterdam,COMPLETE,North America
10320,20070,CA,EE. UU.,Consumer,1360,Perfect Fitness Perfect Rip Deck,Cleats,2,59.99,119.98,Standard Class,4,4,0,Shipping on time,Pacific_Hub_LA,PENDING_DISPATCH,North America
10321,20071,NY,EE. UU.,Consumer,1361,Nike Men's CJ81 Elite Football Cleat,Men's Footwear,1,129.99,129.99,Second Class,2,2,0,Shipping on time,Midwest_Hub_Chicago,COMPLETE,North America
10322,20072,TX,EE. UU.,Corporate,1362,Under Armour Girls' Toddler Spine Surge,Cardio Equipment,1,39.99,39.99,First Class,1,1,0,Shipping on time,EastCoast_Hub_NJ,COMPLETE,North America
10323,20073,FL,EE. UU.,Corporate,1363,O'Brien Men's Neoprene Life Vest,Water Sports,1,49.98,49.98,First Class,1,3,1,Late delivery,South_Hub_Dallas,COMPLETE,North America
10324,20074,IL,EE. UU.,Consumer,1364,Pelican Sun Dolphin 5-Seat Pedal Boat,Boating,2,649.99,1299.98,Standard Class,4,4,0,Shipping on time,Europe_Hub_Rotterdam,COMPLETE,North America
10325,20075,PA,EE. UU.,Consumer,1365,Diamondback Adult Response XE Mountain Bike,Shop By Sport,3,399.98,1199.94,Standard Class,4,4,0,Shipping on time,Pacific_Hub_LA,COMPLETE,North America
10326,20076,OH,EE. UU.,Consumer,1366,Field & Stream Sportsman 16 Gun Fire Safe,Hunting & Shooting,4,399.99,1599.96,Standard Class,4,4,0,Shipping on time,Midwest_Hub_Chicago,COMPLETE,North America
10327,20077,WA,EE. UU.,Home Office,1367,Titleist Pro V1x High Golf Balls (Dozen),Golf Balls,4,47.99,191.96,Standard Class,4,5,1,Late delivery,EastCoast_Hub_NJ,COMPLETE,North America
10328,20078,GA,EE. UU.,Corporate,1368,Glove It Women's Urban Zoo Golf Bag,Golf Bags,1,179.99,179.99,Same Day,0,2,1,Late delivery,South_Hub_Dallas,COMPLETE,North America
10329,20079,NC,EE. UU.,Home Office,1369,Fitbit Surge Fitness Superwatch,Fitness Accessories,1,249.95,249.95,Standard Class,4,4,0,Shipping on time,Europe_Hub_Rotterdam,COMPLETE,North America
10330,20080,CA,EE. UU.,Corporate,1360,Perfect Fitness Perfect Rip Deck,Cleats,3,59.99,179.97,First Class,1,4,1,Late delivery,Pacific_Hub_LA,PENDING_DISPATCH,North America
10331,20081,NY,EE. UU.,Corporate,1361,Nike Men's CJ81 Elite Football Cleat,Men's Footwear,2,129.99,259.98,Standard Class,4,4,0,Shipping on time,Midwest_Hub_Chicago,COMPLETE,North America
10332,20082,TX,EE. UU.,Consumer,1362,Under Armour Girls' Toddler Spine Surge,Cardio Equipment,4,39.99,159.96,First Class,1,1,0,Shipping on time,EastCoast_Hub_NJ,COMPLETE,North America
10333,20083,FL,EE. UU.,Consumer,1363,O'Brien Men's Neoprene Life Vest,Water Sports,3,49.98,149.94,Standard Class,4,4,0,Shipping on time,South_Hub_Dallas,COMPLETE,North America
10334,20084,IL,EE. UU.,Home Office,1364,Pelican Sun Dolphin 5-Seat Pedal Boat,Boating,4,649.99,2599.96,Standard Class,4,4,0,Shipping on time,Europe_Hub_Rotterdam,COMPLETE,North America
10335,20085,PA,EE. UU.,Consumer,1365,Diamondback Adult Response XE Mountain Bike,Shop By Sport,2,399.98,799.96,Standard Class,4,4,0,Shipping on time,Pacific_Hub_LA,COMPLETE,North America
10336,20086,OH,EE. UU.,Corporate,1366,Field & Stream Sportsman 16 Gun Fire Safe,Hunting & Shooting,1,399.99,399.99,Standard Class,4,4,0,Shipping on time,Midwest_Hub_Chicago,COMPLETE,North America
10337,20087,WA,EE. UU.,Home Office,1367,Titleist Pro V1x High Golf Balls (Dozen),Golf Balls,3,47.99,143.97,Standard Class,4,5,1,Late delivery,EastCoast_Hub_NJ,COMPLETE,North America
10338,20088,GA,EE. UU.,Consumer,1368,Glove It Women's Urban Zoo Golf Bag,Golf Bags,2,179.99,359.98,Second Class,2,6,1,Late delivery,South_Hub_Dallas,COMPLETE,North America
10339,20089,NC,EE. UU.,Consumer,1369,Fitbit Surge Fitness Superwatch,Fitness Accessories,5,249.95,1249.75,Standard Class,4,4,0,Shipping on time,Europe_Hub_Rotterdam,COMPLETE,North America
10340,20090,CA,EE. UU.,Corporate,1360,Perfect Fitness Perfect Rip Deck,Cleats,2,59.99,119.98,Standard Class,4,5,1,Late delivery,Pacific_Hub_LA,PENDING_DISPATCH,North America
10341,20091,NY,EE. UU.,Consumer,1361,Nike Men's CJ81 Elite Football Cleat,Men's Footwear,1,129.99,129.99,Standard Class,4,5,1,Late delivery,Midwest_Hub_Chicago,COMPLETE,North America
10342,20092,TX,EE. UU.,Consumer,1362,Under Armour Girls' Toddler Spine Surge,Cardio Equipment,3,39.99,119.97,Standard Class,4,4,0,Shipping on time,EastCoast_Hub_NJ,COMPLETE,North America
10343,20093,FL,EE. UU.,Consumer,1363,O'Brien Men's Neoprene Life Vest,Water Sports,1,49.98,49.98,Standard Class,4,7,1,Late delivery,South_Hub_Dallas,COMPLETE,North America
10344,20094,IL,EE. UU.,Home Office,1364,Pelican Sun Dolphin 5-Seat Pedal Boat,Boating,2,649.99,1299.98,Second Class,2,6,1,Late delivery,Europe_Hub_Rotterdam,COMPLETE,North America
10345,20095,PA,EE. UU.,Corporate,1365,Diamondback Adult Response XE Mountain Bike,Shop By Sport,5,399.98,1999.9,Standard Class,4,5,1,Late delivery,Pacific_Hub_LA,COMPLETE,North America
10346,20096,OH,EE. UU.,Corporate,1366,Field & Stream Sportsman 16 Gun Fire Safe,Hunting & Shooting,1,399.99,399.99,Standard Class,4,4,0,Shipping on time,Midwest_Hub_Chicago,COMPLETE,North America
10347,20097,WA,EE. UU.,Consumer,1367,Titleist Pro V1x High Golf Balls (Dozen),Golf Balls,1,47.99,47.99,Standard Class,4,4,0,Shipping on time,EastCoast_Hub_NJ,COMPLETE,North America
10348,20098,GA,EE. UU.,Home Office,1368,Glove It Women's Urban Zoo Golf Bag,Golf Bags,5,179.99,899.95,Standard Class,4,4,0,Shipping on time,South_Hub_Dallas,COMPLETE,North America
10349,20099,NC,EE. UU.,Home Office,1369,Fitbit Surge Fitness Superwatch,Fitness Accessories,1,249.95,249.95,First Class,1,4,1,Late delivery,Europe_Hub_Rotterdam,COMPLETE,North America
10350,20100,CA,EE. UU.,Consumer,1360,Perfect Fitness Perfect Rip Deck,Cleats,2,59.99,119.98,Standard Class,4,4,0,Shipping on time,Pacific_Hub_LA,PENDING_DISPATCH,North America
10351,20101,NY,EE. UU.,Consumer,1361,Nike Men's CJ81 Elite Football Cleat,Men's Footwear,3,129.99,389.97,Standard Class,4,4,0,Shipping on time,Midwest_Hub_Chicago,COMPLETE,North America
10352,20102,TX,EE. UU.,Home Office,1362,Under Armour Girls' Toddler Spine Surge,Cardio Equipment,4,39.99,159.96,Standard Class,4,6,1,Late delivery,EastCoast_Hub_NJ,COMPLETE,North America
10353,20103,FL,EE. UU.,Consumer,1363,O'Brien Men's Neoprene Life Vest,Water Sports,1,49.98,49.98,Standard Class,4,4,0,Shipping on time,South_Hub_Dallas,COMPLETE,North America
10354,20104,IL,EE. UU.,Home Office,1364,Pelican Sun Dolphin 5-Seat Pedal Boat,Boating,3,649.99,1949.97,Second Class,2,2,0,Shipping on time,Europe_Hub_Rotterdam,COMPLETE,North America
10355,20105,PA,EE. UU.,Corporate,1365,Diamondback Adult Response XE Mountain Bike,Shop By Sport,4,399.98,1599.92,Standard Class,4,4,0,Shipping on time,Pacific_Hub_LA,COMPLETE,North America
10356,20106,OH,EE. UU.,Corporate,1366,Field & Stream Sportsman 16 Gun Fire Safe,Hunting & Shooting,2,399.99,799.98,Standard Class,4,4,0,Shipping on time,Midwest_Hub_Chicago,COMPLETE,North America
10357,20107,WA,EE. UU.,Consumer,1367,Titleist Pro V1x High Golf Balls (Dozen),Golf Balls,2,47.99,95.98,Standard Class,4,4,0,Shipping on time,EastCoast_Hub_NJ,COMPLETE,North America
10358,20108,GA,EE. UU.,Consumer,1368,Glove It Women's Urban Zoo Golf Bag,Golf Bags,2,179.99,359.98,Standard Class,4,4,0,Shipping on time,South_Hub_Dallas,COMPLETE,North America
10359,20109,NC,EE. UU.,Consumer,1369,Fitbit Surge Fitness Superwatch,Fitness Accessories,5,249.95,1249.75,Standard Class,4,4,0,Shipping on time,Europe_Hub_Rotterdam,COMPLETE,North America
10360,20110,CA,EE. UU.,Corporate,1360,Perfect Fitness Perfect Rip Deck,Cleats,2,59.99,119.98,First Class,1,1,0,Shipping on time,Pacific_Hub_LA,PENDING_DISPATCH,North America
10361,20111,NY,EE. UU.,Consumer,1361,Nike Men's CJ81 Elite Football Cleat,Men's Footwear,1,129.99,129.99,Standard Class,4,4,0,Shipping on time,Midwest_Hub_Chicago,COMPLETE,North America
10362,20112,TX,EE. UU.,Consumer,1362,Under Armour Girls' Toddler Spine Surge,Cardio Equipment,4,39.99,159.96,First Class,1,1,0,Shipping on time,EastCoast_Hub_NJ,COMPLETE,North America
10363,20113,FL,EE. UU.,Consumer,1363,O'Brien Men's Neoprene Life Vest,Water Sports,4,49.98,199.92,Second Class,2,2,0,Shipping on time,South_Hub_Dallas,COMPLETE,North America
10364,20114,IL,EE. UU.,Consumer,1364,Pelican Sun Dolphin 5-Seat Pedal Boat,Boating,1,649.99,649.99,Second Class,2,2,0,Shipping on time,Europe_Hub_Rotterdam,COMPLETE,North America
10365,20115,PA,EE. UU.,Consumer,1365,Diamondback Adult Response XE Mountain Bike,Shop By Sport,2,399.98,799.96,Standard Class,4,4,0,Shipping on time,Pacific_Hub_LA,COMPLETE,North America
10366,20116,OH,EE. UU.,Corporate,1366,Field & Stream Sportsman 16 Gun Fire Safe,Hunting & Shooting,3,399.99,1199.97,First Class,1,1,0,Shipping on time,Midwest_Hub_Chicago,COMPLETE,North America
10367,20117,WA,EE. UU.,Consumer,1367,Titleist Pro V1x High Golf Balls (Dozen),Golf Balls,1,47.99,47.99,Standard Class,4,4,0,Shipping on time,EastCoast_Hub_NJ,COMPLETE,North America
10368,20118,GA,EE. UU.,Home Office,1368,Glove It Women's Urban Zoo Golf Bag,Golf Bags,2,179.99,359.98,Standard Class,4,4,0,Shipping on time,South_Hub_Dallas,COMPLETE,North America
10369,20119,NC,EE. UU.,Home Office,1369,Fitbit Surge Fitness Superwatch,Fitness Accessories,4,249.95,999.8,Standard Class,4,4,0,Shipping on time,Europe_Hub_Rotterdam,COMPLETE,North America
10370,20120,CA,EE. UU.,Consumer,1360,Perfect Fitness Perfect Rip Deck,Cleats,5,59.99,299.95,Standard Class,4,6,1,Late delivery,Pacific_Hub_LA,PENDING_DISPATCH,North America
10371,20121,NY,EE. UU.,Corporate,1361,Nike Men's CJ81 Elite Football Cleat,Men's Footwear,5,129.99,649.95,Standard Class,4,4,0,Shipping on time,Midwest_Hub_Chicago,COMPLETE,North America
10372,20122,TX,EE. UU.,Consumer,1362,Under Armour Girls' Toddler Spine Surge,Cardio Equipment,5,39.99,199.95,Standard Class,4,4,0,Shipping on time,EastCoast_Hub_NJ,COMPLETE,North America
10373,20123,FL,EE. UU.,Consumer,1363,O'Brien Men's Neoprene Life Vest,Water Sports,3,49.98,149.94,Second Class,2,2,0,Shipping on time,South_Hub_Dallas,COMPLETE,North America
10374,20124,IL,EE. UU.,Corporate,1364,Pelican Sun Dolphin 5-Seat Pedal Boat,Boating,4,649.99,2599.96,First Class,1,3,1,Late delivery,Europe_Hub_Rotterdam,COMPLETE,North America
10375,20125,PA,EE. UU.,Corporate,1365,Diamondback Adult Response XE Mountain Bike,Shop By Sport,3,399.98,1199.94,Second Class,2,4,1,Late delivery,Pacific_Hub_LA,COMPLETE,North America
10376,20126,OH,EE. UU.,Consumer,1366,Field & Stream Sportsman 16 Gun Fire Safe,Hunting & Shooting,1,399.99,399.99,Second Class,2,4,1,Late delivery,Midwest_Hub_Chicago,COMPLETE,North America
10377,20127,WA,EE. UU.,Consumer,1367,Titleist Pro V1x High Golf Balls (Dozen),Golf Balls,5,47.99,239.95,Standard Class,4,7,1,Late delivery,EastCoast_Hub_NJ,COMPLETE,North America
10378,20128,GA,EE. UU.,Consumer,1368,Glove It Women's Urban Zoo Golf Bag,Golf Bags,3,179.99,539.97,Standard Class,4,4,0,Shipping on time,South_Hub_Dallas,COMPLETE,North America
10379,20129,NC,EE. UU.,Consumer,1369,Fitbit Surge Fitness Superwatch,Fitness Accessories,2,249.95,499.9,First Class,1,1,0,Shipping on time,Europe_Hub_Rotterdam,COMPLETE,North America
10380,20130,CA,EE. UU.,Consumer,1360,Perfect Fitness Perfect Rip Deck,Cleats,3,59.99,179.97,First Class,1,1,0,Shipping on time,Pacific_Hub_LA,PENDING_DISPATCH,North America
10381,20131,NY,EE. UU.,Home Office,1361,Nike Men's CJ81 Elite Football Cleat,Men's Footwear,4,129.99,519.96,Standard Class,4,5,1,Late delivery,Midwest_Hub_Chicago,COMPLETE,North America
10382,20132,TX,EE. UU.,Consumer,1362,Under Armour Girls' Toddler Spine Surge,Cardio Equipment,3,39.99,119.97,Same Day,0,1,1,Late delivery,EastCoast_Hub_NJ,COMPLETE,North America
10383,20133,FL,EE. UU.,Home Office,1363,O'Brien Men's Neoprene Life Vest,Water Sports,4,49.98,199.92,First Class,1,3,1,Late delivery,South_Hub_Dallas,COMPLETE,North America
10384,20134,IL,EE. UU.,Consumer,1364,Pelican Sun Dolphin 5-Seat Pedal Boat,Boating,5,649.99,3249.95,Standard Class,4,5,1,Late delivery,Europe_Hub_Rotterdam,COMPLETE,North America
10385,20135,PA,EE. UU.,Corporate,1365,Diamondback Adult Response XE Mountain Bike,Shop By Sport,5,399.98,1999.9,Standard Class,4,4,0,Shipping on time,Pacific_Hub_LA,COMPLETE,North America
10386,20136,OH,EE. UU.,Home Office,1366,Field & Stream Sportsman 16 Gun Fire Safe,Hunting & Shooting,4,399.99,1599.96,Standard Class,4,6,1,Late delivery,Midwest_Hub_Chicago,COMPLETE,North America
10387,20137,WA,EE. UU.,Home Office,1367,Titleist Pro V1x High Golf Balls (Dozen),Golf Balls,2,47.99,95.98,Standard Class,4,4,0,Shipping on time,EastCoast_Hub_NJ,COMPLETE,North America
10388,20138,GA,EE. UU.,Corporate,1368,Glove It Women's Urban Zoo Golf Bag,Golf Bags,2,179.99,359.98,Standard Class,4,4,0,Shipping on time,South_Hub_Dallas,COMPLETE,North America
10389,20139,NC,EE. UU.,Home Office,1369,Fitbit Surge Fitness Superwatch,Fitness Accessories,3,249.95,749.85,Same Day,0,0,0,Shipping on time,Europe_Hub_Rotterdam,COMPLETE,North America
10390,20140,CA,EE. UU.,Corporate,1360,Perfect Fitness Perfect Rip Deck,Cleats,5,59.99,299.95,Standard Class,4,4,0,Shipping on time,Pacific_Hub_LA,PENDING_DISPATCH,North America
10391,20141,NY,EE. UU.,Corporate,1361,Nike Men's CJ81 Elite Football Cleat,Men's Footwear,2,129.99,259.98,First Class,1,1,0,Shipping on time,Midwest_Hub_Chicago,COMPLETE,North America
10392,20142,TX,EE. UU.,Consumer,1362,Under Armour Girls' Toddler Spine Surge,Cardio Equipment,3,39.99,119.97,Standard Class,4,4,0,Shipping on time,EastCoast_Hub_NJ,COMPLETE,North America
10393,20143,FL,EE. UU.,Consumer,1363,O'Brien Men's Neoprene Life Vest,Water Sports,2,49.98,99.96,Standard Class,4,6,1,Late delivery,South_Hub_Dallas,COMPLETE,North America
10394,20144,IL,EE. UU.,Corporate,1364,Pelican Sun Dolphin 5-Seat Pedal Boat,Boating,3,649.99,1949.97,Standard Class,4,4,0,Shipping on time,Europe_Hub_Rotterdam,COMPLETE,North America
10395,20145,PA,EE. UU.,Home Office,1365,Diamondback Adult Response XE Mountain Bike,Shop By Sport,4,399.98,1599.92,Standard Class,4,8,1,Late delivery,Pacific_Hub_LA,COMPLETE,North America
10396,20146,OH,EE. UU.,Home Office,1366,Field & Stream Sportsman 16 Gun Fire Safe,Hunting & Shooting,2,399.99,799.98,Standard Class,4,4,0,Shipping on time,Midwest_Hub_Chicago,COMPLETE,North America
10397,20147,WA,EE. UU.,Consumer,1367,Titleist Pro V1x High Golf Balls (Dozen),Golf Balls,5,47.99,239.95,Standard Class,4,8,1,Late delivery,EastCoast_Hub_NJ,COMPLETE,North America
10398,20148,GA,EE. UU.,Home Office,1368,Glove It Women's Urban Zoo Golf Bag,Golf Bags,5,179.99,899.95,Standard Class,4,4,0,Shipping on time,South_Hub_Dallas,COMPLETE,North America
10399,20149,NC,EE. UU.,Consumer,1369,Fitbit Surge Fitness Superwatch,Fitness Accessories,1,249.95,249.95,Standard Class,4,4,0,Shipping on time,Europe_Hub_Rotterdam,COMPLETE,North America
10400,20150,CA,EE. UU.,Home Office,1360,Perfect Fitness Perfect Rip Deck,Cleats,3,59.99,179.97,Second Class,2,2,0,Shipping on time,Pacific_Hub_LA,PENDING_DISPATCH,North America
10401,20151,NY,EE. UU.,Consumer,1361,Nike Men's CJ81 Elite Football Cleat,Men's Footwear,5,129.99,649.95,Standard Class,4,6,1,Late delivery,Midwest_Hub_Chicago,COMPLETE,North America
10402,20152,TX,EE. UU.,Corporate,1362,Under Armour Girls' Toddler Spine Surge,Cardio Equipment,2,39.99,79.98,First Class,1,1,0,Shipping on time,EastCoast_Hub_NJ,COMPLETE,North America
10403,20153,FL,EE. UU.,Corporate,1363,O'Brien Men's Neoprene Life Vest,Water Sports,1,49.98,49.98,Standard Class,4,4,0,Shipping on time,South_Hub_Dallas,COMPLETE,North America
10404,20154,IL,EE. UU.,Consumer,1364,Pelican Sun Dolphin 5-Seat Pedal Boat,Boating,3,649.99,1949.97,Second Class,2,2,0,Shipping on time,Europe_Hub_Rotterdam,COMPLETE,North America
10405,20155,PA,EE. UU.,Consumer,1365,Diamondback Adult Response XE Mountain Bike,Shop By Sport,4,399.98,1599.92,Standard Class,4,4,0,Shipping on time,Pacific_Hub_LA,COMPLETE,North America
10406,20156,OH,EE. UU.,Consumer,1366,Field & Stream Sportsman 16 Gun Fire Safe,Hunting & Shooting,4,399.99,1599.96,Standard Class,4,4,0,Shipping on time,Midwest_Hub_Chicago,COMPLETE,North America
10407,20157,WA,EE. UU.,Consumer,1367,Titleist Pro V1x High Golf Balls (Dozen),Golf Balls,1,47.99,47.99,Standard Class,4,4,0,Shipping on time,EastCoast_Hub_NJ,COMPLETE,North America
10408,20158,GA,EE. UU.,Consumer,1368,Glove It Women's Urban Zoo Golf Bag,Golf Bags,3,179.99,539.97,Standard Class,4,4,0,Shipping on time,South_Hub_Dallas,COMPLETE,North America
10409,20159,NC,EE. UU.,Consumer,1369,Fitbit Surge Fitness Superwatch,Fitness Accessories,4,249.95,999.8,Standard Class,4,4,0,Shipping on time,Europe_Hub_Rotterdam,COMPLETE,North America
10410,20160,CA,EE. UU.,Home Office,1360,Perfect Fitness Perfect Rip Deck,Cleats,3,59.99,179.97,Same Day,0,0,0,Shipping on time,Pacific_Hub_LA,PENDING_DISPATCH,North America
10411,20161,NY,EE. UU.,Corporate,1361,Nike Men's CJ81 Elite Football Cleat,Men's Footwear,2,129.99,259.98,Standard Class,4,4,0,Shipping on time,Midwest_Hub_Chicago,COMPLETE,North America
10412,20162,TX,EE. UU.,Corporate,1362,Under Armour Girls' Toddler Spine Surge,Cardio Equipment,3,39.99,119.97,Second Class,2,2,0,Shipping on time,EastCoast_Hub_NJ,COMPLETE,North America
10413,20163,FL,EE. UU.,Corporate,1363,O'Brien Men's Neoprene Life Vest,Water Sports,1,49.98,49.98,Second Class,2,2,0,Shipping on time,South_Hub_Dallas,COMPLETE,North America
10414,20164,IL,EE. UU.,Consumer,1364,Pelican Sun Dolphin 5-Seat Pedal Boat,Boating,5,649.99,3249.95,Second Class,2,2,0,Shipping on time,Europe_Hub_Rotterdam,COMPLETE,North America
10415,20165,PA,EE. UU.,Corporate,1365,Diamondback Adult Response XE Mountain Bike,Shop By Sport,3,399.98,1199.94,First Class,1,1,0,Shipping on time,Pacific_Hub_LA,COMPLETE,North America
10416,20166,OH,EE. UU.,Consumer,1366,Field & Stream Sportsman 16 Gun Fire Safe,Hunting & Shooting,3,399.99,1199.97,Standard Class,4,7,1,Late delivery,Midwest_Hub_Chicago,COMPLETE,North America
10417,20167,WA,EE. UU.,Corporate,1367,Titleist Pro V1x High Golf Balls (Dozen),Golf Balls,4,47.99,191.96,Standard Class,4,4,0,Shipping on time,EastCoast_Hub_NJ,COMPLETE,North America
10418,20168,GA,EE. UU.,Home Office,1368,Glove It Women's Urban Zoo Golf Bag,Golf Bags,2,179.99,359.98,Standard Class,4,8,1,Late delivery,South_Hub_Dallas,COMPLETE,North America
10419,20169,NC,EE. UU.,Corporate,1369,Fitbit Surge Fitness Superwatch,Fitness Accessories,5,249.95,1249.75,Standard Class,4,4,0,Shipping on time,Europe_Hub_Rotterdam,COMPLETE,North America
10420,20170,CA,EE. UU.,Corporate,1360,Perfect Fitness Perfect Rip Deck,Cleats,1,59.99,59.99,First Class,1,1,0,Shipping on time,Pacific_Hub_LA,PENDING_DISPATCH,North America
10421,20171,NY,EE. UU.,Consumer,1361,Nike Men's CJ81 Elite Football Cleat,Men's Footwear,5,129.99,649.95,Standard Class,4,4,0,Shipping on time,Midwest_Hub_Chicago,COMPLETE,North America
10422,20172,TX,EE. UU.,Consumer,1362,Under Armour Girls' Toddler Spine Surge,Cardio Equipment,1,39.99,39.99,Standard Class,4,4,0,Shipping on time,EastCoast_Hub_NJ,COMPLETE,North America
10423,20173,FL,EE. UU.,Consumer,1363,O'Brien Men's Neoprene Life Vest,Water Sports,4,49.98,199.92,Second Class,2,5,1,Late delivery,South_Hub_Dallas,COMPLETE,North America
10424,20174,IL,EE. UU.,Consumer,1364,Pelican Sun Dolphin 5-Seat Pedal Boat,Boating,2,649.99,1299.98,Second Class,2,2,0,Shipping on time,Europe_Hub_Rotterdam,COMPLETE,North America
10425,20175,PA,EE. UU.,Consumer,1365,Diamondback Adult Response XE Mountain Bike,Shop By Sport,4,399.98,1599.92,First Class,1,3,1,Late delivery,Pacific_Hub_LA,COMPLETE,North America
10426,20176,OH,EE. UU.,Consumer,1366,Field & Stream Sportsman 16 Gun Fire Safe,Hunting & Shooting,2,399.99,799.98,Standard Class,4,4,0,Shipping on time,Midwest_Hub_Chicago,COMPLETE,North America
10427,20177,WA,EE. UU.,Consumer,1367,Titleist Pro V1x High Golf Balls (Dozen),Golf Balls,5,47.99,239.95,Standard Class,4,4,0,Shipping on time,EastCoast_Hub_NJ,COMPLETE,North America
10428,20178,GA,EE. UU.,Consumer,1368,Glove It Women's Urban Zoo Golf Bag,Golf Bags,4,179.99,719.96,Standard Class,4,4,0,Shipping on time,South_Hub_Dallas,COMPLETE,North America
10429,20179,NC,EE. UU.,Consumer,1369,Fitbit Surge Fitness Superwatch,Fitness Accessories,5,249.95,1249.75,Second Class,2,2,0,Shipping on time,Europe_Hub_Rotterdam,COMPLETE,North America
10430,20180,CA,EE. UU.,Home Office,1360,Perfect Fitness Perfect Rip Deck,Cleats,2,59.99,119.98,Second Class,2,2,0,Shipping on time,Pacific_Hub_LA,PENDING_DISPATCH,North America
10431,20181,NY,EE. UU.,Corporate,1361,Nike Men's CJ81 Elite Football Cleat,Men's Footwear,3,129.99,389.97,First Class,1,1,0,Shipping on time,Midwest_Hub_Chicago,COMPLETE,North America
10432,20182,TX,EE. UU.,Consumer,1362,Under Armour Girls' Toddler Spine Surge,Cardio Equipment,4,39.99,159.96,Standard Class,4,7,1,Late delivery,EastCoast_Hub_NJ,COMPLETE,North America
10433,20183,FL,EE. UU.,Corporate,1363,O'Brien Men's Neoprene Life Vest,Water Sports,1,49.98,49.98,Standard Class,4,4,0,Shipping on time,South_Hub_Dallas,COMPLETE,North America
10434,20184,IL,EE. UU.,Consumer,1364,Pelican Sun Dolphin 5-Seat Pedal Boat,Boating,4,649.99,2599.96,First Class,1,4,1,Late delivery,Europe_Hub_Rotterdam,COMPLETE,North America
10435,20185,PA,EE. UU.,Home Office,1365,Diamondback Adult Response XE Mountain Bike,Shop By Sport,1,399.98,399.98,First Class,1,1,0,Shipping on time,Pacific_Hub_LA,COMPLETE,North America
10436,20186,OH,EE. UU.,Consumer,1366,Field & Stream Sportsman 16 Gun Fire Safe,Hunting & Shooting,4,399.99,1599.96,First Class,1,1,0,Shipping on time,Midwest_Hub_Chicago,COMPLETE,North America
10437,20187,WA,EE. UU.,Consumer,1367,Titleist Pro V1x High Golf Balls (Dozen),Golf Balls,4,47.99,191.96,Second Class,2,2,0,Shipping on time,EastCoast_Hub_NJ,COMPLETE,North America
10438,20188,GA,EE. UU.,Consumer,1368,Glove It Women's Urban Zoo Golf Bag,Golf Bags,2,179.99,359.98,Standard Class,4,4,0,Shipping on time,South_Hub_Dallas,COMPLETE,North America
10439,20189,NC,EE. UU.,Consumer,1369,Fitbit Surge Fitness Superwatch,Fitness Accessories,2,249.95,499.9,Standard Class,4,4,0,Shipping on time,Europe_Hub_Rotterdam,COMPLETE,North America
10440,20190,CA,EE. UU.,Consumer,1360,Perfect Fitness Perfect Rip Deck,Cleats,1,59.99,59.99,First Class,1,1,0,Shipping on time,Pacific_Hub_LA,PENDING_DISPATCH,North America
10441,20191,NY,EE. UU.,Home Office,1361,Nike Men's CJ81 Elite Football Cleat,Men's Footwear,4,129.99,519.96,First Class,1,1,0,Shipping on time,Midwest_Hub_Chicago,COMPLETE,North America
10442,20192,TX,EE. UU.,Corporate,1362,Under Armour Girls' Toddler Spine Surge,Cardio Equipment,1,39.99,39.99,Standard Class,4,4,0,Shipping on time,EastCoast_Hub_NJ,COMPLETE,North America
10443,20193,FL,EE. UU.,Consumer,1363,O'Brien Men's Neoprene Life Vest,Water Sports,3,49.98,149.94,Standard Class,4,4,0,Shipping on time,South_Hub_Dallas,COMPLETE,North America
10444,20194,IL,EE. UU.,Consumer,1364,Pelican Sun Dolphin 5-Seat Pedal Boat,Boating,2,649.99,1299.98,Standard Class,4,4,0,Shipping on time,Europe_Hub_Rotterdam,COMPLETE,North America
10445,20195,PA,EE. UU.,Home Office,1365,Diamondback Adult Response XE Mountain Bike,Shop By Sport,4,399.98,1599.92,Second Class,2,2,0,Shipping on time,Pacific_Hub_LA,COMPLETE,North America
10446,20196,OH,EE. UU.,Home Office,1366,Field & Stream Sportsman 16 Gun Fire Safe,Hunting & Shooting,4,399.99,1599.96,Standard Class,4,7,1,Late delivery,Midwest_Hub_Chicago,COMPLETE,North America
10447,20197,WA,EE. UU.,Corporate,1367,Titleist Pro V1x High Golf Balls (Dozen),Golf Balls,3,47.99,143.97,Standard Class,4,8,1,Late delivery,EastCoast_Hub_NJ,COMPLETE,North America
10448,20198,GA,EE. UU.,Corporate,1368,Glove It Women's Urban Zoo Golf Bag,Golf Bags,3,179.99,539.97,Standard Class,4,4,0,Shipping on time,South_Hub_Dallas,COMPLETE,North America
10449,20199,NC,EE. UU.,Consumer,1369,Fitbit Surge Fitness Superwatch,Fitness Accessories,1,249.95,249.95,Standard Class,4,6,1,Late delivery,Europe_Hub_Rotterdam,COMPLETE,North America
10450,20200,CA,EE. UU.,Corporate,1360,Perfect Fitness Perfect Rip Deck,Cleats,3,59.99,179.97,First Class,1,1,0,Shipping on time,Pacific_Hub_LA,PENDING_DISPATCH,North America
10451,20201,NY,EE. UU.,Consumer,1361,Nike Men's CJ81 Elite Football Cleat,Men's Footwear,3,129.99,389.97,Same Day,0,0,0,Shipping on time,Midwest_Hub_Chicago,COMPLETE,North America
10452,20202,TX,EE. UU.,Corporate,1362,Under Armour Girls' Toddler Spine Surge,Cardio Equipment,2,39.99,79.98,Standard Class,4,4,0,Shipping on time,EastCoast_Hub_NJ,COMPLETE,North America
10453,20203,FL,EE. UU.,Consumer,1363,O'Brien Men's Neoprene Life Vest,Water Sports,5,49.98,249.9,Standard Class,4,4,0,Shipping on time,South_Hub_Dallas,COMPLETE,North America
10454,20204,IL,EE. UU.,Corporate,1364,Pelican Sun Dolphin 5-Seat Pedal Boat,Boating,1,649.99,649.99,Standard Class,4,4,0,Shipping on time,Europe_Hub_Rotterdam,COMPLETE,North America
10455,20205,PA,EE. UU.,Consumer,1365,Diamondback Adult Response XE Mountain Bike,Shop By Sport,1,399.98,399.98,First Class,1,1,0,Shipping on time,Pacific_Hub_LA,COMPLETE,North America
10456,20206,OH,EE. UU.,Home Office,1366,Field & Stream Sportsman 16 Gun Fire Safe,Hunting & Shooting,4,399.99,1599.96,Standard Class,4,6,1,Late delivery,Midwest_Hub_Chicago,COMPLETE,North America
10457,20207,WA,EE. UU.,Consumer,1367,Titleist Pro V1x High Golf Balls (Dozen),Golf Balls,3,47.99,143.97,Standard Class,4,4,0,Shipping on time,EastCoast_Hub_NJ,COMPLETE,North America
10458,20208,GA,EE. UU.,Corporate,1368,Glove It Women's Urban Zoo Golf Bag,Golf Bags,3,179.99,539.97,Standard Class,4,8,1,Late delivery,South_Hub_Dallas,COMPLETE,North America
10459,20209,NC,EE. UU.,Home Office,1369,Fitbit Surge Fitness Superwatch,Fitness Accessories,4,249.95,999.8,Standard Class,4,4,0,Shipping on time,Europe_Hub_Rotterdam,COMPLETE,North America
10460,20210,CA,EE. UU.,Home Office,1360,Perfect Fitness Perfect Rip Deck,Cleats,2,59.99,119.98,Standard Class,4,8,1,Late delivery,Pacific_Hub_LA,PENDING_DISPATCH,North America
10461,20211,NY,EE. UU.,Consumer,1361,Nike Men's CJ81 Elite Football Cleat,Men's Footwear,3,129.99,389.97,Second Class,2,2,0,Shipping on time,Midwest_Hub_Chicago,COMPLETE,North America
10462,20212,TX,EE. UU.,Corporate,1362,Under Armour Girls' Toddler Spine Surge,Cardio Equipment,2,39.99,79.98,Second Class,2,2,0,Shipping on time,EastCoast_Hub_NJ,COMPLETE,North America
10463,20213,FL,EE. UU.,Corporate,1363,O'Brien Men's Neoprene Life Vest,Water Sports,5,49.98,249.9,First Class,1,1,0,Shipping on time,South_Hub_Dallas,COMPLETE,North America
10464,20214,IL,EE. UU.,Consumer,1364,Pelican Sun Dolphin 5-Seat Pedal Boat,Boating,3,649.99,1949.97,First Class,1,1,0,Shipping on time,Europe_Hub_Rotterdam,COMPLETE,North America
10465,20215,PA,EE. UU.,Consumer,1365,Diamondback Adult Response XE Mountain Bike,Shop By Sport,3,399.98,1199.94,Standard Class,4,4,0,Shipping on time,Pacific_Hub_LA,COMPLETE,North America
10466,20216,OH,EE. UU.,Corporate,1366,Field & Stream Sportsman 16 Gun Fire Safe,Hunting & Shooting,1,399.99,399.99,Standard Class,4,4,0,Shipping on time,Midwest_Hub_Chicago,COMPLETE,North America
10467,20217,WA,EE. UU.,Corporate,1367,Titleist Pro V1x High Golf Balls (Dozen),Golf Balls,5,47.99,239.95,Standard Class,4,4,0,Shipping on time,EastCoast_Hub_NJ,COMPLETE,North America
10468,20218,GA,EE. UU.,Home Office,1368,Glove It Women's Urban Zoo Golf Bag,Golf Bags,5,179.99,899.95,Standard Class,4,6,1,Late delivery,South_Hub_Dallas,COMPLETE,North America
10469,20219,NC,EE. UU.,Home Office,1369,Fitbit Surge Fitness Superwatch,Fitness Accessories,4,249.95,999.8,Second Class,2,2,0,Shipping on time,Europe_Hub_Rotterdam,COMPLETE,North America
10470,20220,CA,EE. UU.,Home Office,1360,Perfect Fitness Perfect Rip Deck,Cleats,2,59.99,119.98,Second Class,2,2,0,Shipping on time,Pacific_Hub_LA,PENDING_DISPATCH,North America
10471,20221,NY,EE. UU.,Home Office,1361,Nike Men's CJ81 Elite Football Cleat,Men's Footwear,2,129.99,259.98,Standard Class,4,4,0,Shipping on time,Midwest_Hub_Chicago,COMPLETE,North America
10472,20222,TX,EE. UU.,Home Office,1362,Under Armour Girls' Toddler Spine Surge,Cardio Equipment,1,39.99,39.99,Second Class,2,2,0,Shipping on time,EastCoast_Hub_NJ,COMPLETE,North America
10473,20223,FL,EE. UU.,Corporate,1363,O'Brien Men's Neoprene Life Vest,Water Sports,2,49.98,99.96,First Class,1,1,0,Shipping on time,South_Hub_Dallas,COMPLETE,North America
10474,20224,IL,EE. UU.,Home Office,1364,Pelican Sun Dolphin 5-Seat Pedal Boat,Boating,2,649.99,1299.98,Second Class,2,2,0,Shipping on time,Europe_Hub_Rotterdam,COMPLETE,North America
10475,20225,PA,EE. UU.,Corporate,1365,Diamondback Adult Response XE Mountain Bike,Shop By Sport,2,399.98,799.96,Standard Class,4,8,1,Late delivery,Pacific_Hub_LA,COMPLETE,North America
10476,20226,OH,EE. UU.,Home Office,1366,Field & Stream Sportsman 16 Gun Fire Safe,Hunting & Shooting,4,399.99,1599.96,Standard Class,4,6,1,Late delivery,Midwest_Hub_Chicago,COMPLETE,North America
10477,20227,WA,EE. UU.,Home Office,1367,Titleist Pro V1x High Golf Balls (Dozen),Golf Balls,2,47.99,95.98,Standard Class,4,4,0,Shipping on time,EastCoast_Hub_NJ,COMPLETE,North America
10478,20228,GA,EE. UU.,Home Office,1368,Glove It Women's Urban Zoo Golf Bag,Golf Bags,5,179.99,899.95,Second Class,2,2,0,Shipping on time,South_Hub_Dallas,COMPLETE,North America
10479,20229,NC,EE. UU.,Consumer,1369,Fitbit Surge Fitness Superwatch,Fitness Accessories,1,249.95,249.95,Second Class,2,2,0,Shipping on time,Europe_Hub_Rotterdam,COMPLETE,North America
10480,20230,CA,EE. UU.,Consumer,1360,Perfect Fitness Perfect Rip Deck,Cleats,3,59.99,179.97,Second Class,2,5,1,Late delivery,Pacific_Hub_LA,PENDING_DISPATCH,North America
10481,20231,NY,EE. UU.,Corporate,1361,Nike Men's CJ81 Elite Football Cleat,Men's Footwear,3,129.99,389.97,Same Day,0,0,0,Shipping on time,Midwest_Hub_Chicago,COMPLETE,North America
10482,20232,TX,EE. UU.,Consumer,1362,Under Armour Girls' Toddler Spine Surge,Cardio Equipment,1,39.99,39.99,Second Class,2,2,0,Shipping on time,EastCoast_Hub_NJ,COMPLETE,North America
10483,20233,FL,EE. UU.,Home Office,1363,O'Brien Men's Neoprene Life Vest,Water Sports,1,49.98,49.98,Second Class,2,4,1,Late delivery,South_Hub_Dallas,COMPLETE,North America
10484,20234,IL,EE. UU.,Consumer,1364,Pelican Sun Dolphin 5-Seat Pedal Boat,Boating,5,649.99,3249.95,Standard Class,4,4,0,Shipping on time,Europe_Hub_Rotterdam,COMPLETE,North America
10485,20235,PA,EE. UU.,Home Office,1365,Diamondback Adult Response XE Mountain Bike,Shop By Sport,5,399.98,1999.9,Same Day,0,0,0,Shipping on time,Pacific_Hub_LA,COMPLETE,North America
10486,20236,OH,EE. UU.,Consumer,1366,Field & Stream Sportsman 16 Gun Fire Safe,Hunting & Shooting,5,399.99,1999.95,Standard Class,4,6,1,Late delivery,Midwest_Hub_Chicago,COMPLETE,North America
10487,20237,WA,EE. UU.,Consumer,1367,Titleist Pro V1x High Golf Balls (Dozen),Golf Balls,1,47.99,47.99,Standard Class,4,4,0,Shipping on time,EastCoast_Hub_NJ,COMPLETE,North America
10488,20238,GA,EE. UU.,Corporate,1368,Glove It Women's Urban Zoo Golf Bag,Golf Bags,1,179.99,179.99,Standard Class,4,4,0,Shipping on time,South_Hub_Dallas,COMPLETE,North America
10489,20239,NC,EE. UU.,Corporate,1369,Fitbit Surge Fitness Superwatch,Fitness Accessories,1,249.95,249.95,Second Class,2,2,0,Shipping on time,Europe_Hub_Rotterdam,COMPLETE,North America
10490,20240,CA,EE. UU.,Consumer,1360,Perfect Fitness Perfect Rip Deck,Cleats,4,59.99,239.96,Standard Class,4,4,0,Shipping on time,Pacific_Hub_LA,PENDING_DISPATCH,North America
10491,20241,NY,EE. UU.,Corporate,1361,Nike Men's CJ81 Elite Football Cleat,Men's Footwear,4,129.99,519.96,Standard Class,4,6,1,Late delivery,Midwest_Hub_Chicago,COMPLETE,North America
10492,20242,TX,EE. UU.,Home Office,1362,Under Armour Girls' Toddler Spine Surge,Cardio Equipment,4,39.99,159.96,Standard Class,4,6,1,Late delivery,EastCoast_Hub_NJ,COMPLETE,North America
10493,20243,FL,EE. UU.,Consumer,1363,O'Brien Men's Neoprene Life Vest,Water Sports,4,49.98,199.92,Second Class,2,2,0,Shipping on time,South_Hub_Dallas,COMPLETE,North America
10494,20244,IL,EE. UU.,Consumer,1364,Pelican Sun Dolphin 5-Seat Pedal Boat,Boating,2,649.99,1299.98,Second Class,2,2,0,Shipping on time,Europe_Hub_Rotterdam,COMPLETE,North America
10495,20245,PA,EE. UU.,Corporate,1365,Diamondback Adult Response XE Mountain Bike,Shop By Sport,3,399.98,1199.94,First Class,1,1,0,Shipping on time,Pacific_Hub_LA,COMPLETE,North America
10496,20246,OH,EE. UU.,Corporate,1366,Field & Stream Sportsman 16 Gun Fire Safe,Hunting & Shooting,4,399.99,1599.96,Standard Class,4,4,0,Shipping on time,Midwest_Hub_Chicago,COMPLETE,North America
10497,20247,WA,EE. UU.,Corporate,1367,Titleist Pro V1x High Golf Balls (Dozen),Golf Balls,3,47.99,143.97,Second Class,2,5,1,Late delivery,EastCoast_Hub_NJ,COMPLETE,North America
10498,20248,GA,EE. UU.,Consumer,1368,Glove It Women's Urban Zoo Golf Bag,Golf Bags,4,179.99,719.96,Second Class,2,5,1,Late delivery,South_Hub_Dallas,COMPLETE,North America
10499,20249,NC,EE. UU.,Consumer,1369,Fitbit Surge Fitness Superwatch,Fitness Accessories,1,249.95,249.95,Standard Class,4,6,1,Late delivery,Europe_Hub_Rotterdam,COMPLETE,North America
10500,20000,CA,EE. UU.,Corporate,1360,Perfect Fitness Perfect Rip Deck,Cleats,5,59.99,299.95,Standard Class,4,4,0,Shipping on time,Pacific_Hub_LA,PENDING_DISPATCH,North America
10501,20001,NY,EE. UU.,Consumer,1361,Nike Men's CJ81 Elite Football Cleat,Men's Footwear,4,129.99,519.96,Second Class,2,2,0,Shipping on time,Midwest_Hub_Chicago,COMPLETE,North America
10502,20002,TX,EE. UU.,Corporate,1362,Under Armour Girls' Toddler Spine Surge,Cardio Equipment,1,39.99,39.99,First Class,1,1,0,Shipping on time,EastCoast_Hub_NJ,COMPLETE,North America
10503,20003,FL,EE. UU.,Consumer,1363,O'Brien Men's Neoprene Life Vest,Water Sports,4,49.98,199.92,Second Class,2,2,0,Shipping on time,South_Hub_Dallas,COMPLETE,North America
10504,20004,IL,EE. UU.,Consumer,1364,Pelican Sun Dolphin 5-Seat Pedal Boat,Boating,3,649.99,1949.97,Standard Class,4,4,0,Shipping on time,Europe_Hub_Rotterdam,COMPLETE,North America
10505,20005,PA,EE. UU.,Consumer,1365,Diamondback Adult Response XE Mountain Bike,Shop By Sport,3,399.98,1199.94,Standard Class,4,4,0,Shipping on time,Pacific_Hub_LA,COMPLETE,North America
10506,20006,OH,EE. UU.,Consumer,1366,Field & Stream Sportsman 16 Gun Fire Safe,Hunting & Shooting,3,399.99,1199.97,Standard Class,4,5,1,Late delivery,Midwest_Hub_Chicago,COMPLETE,North America
10507,20007,WA,EE. UU.,Consumer,1367,Titleist Pro V1x High Golf Balls (Dozen),Golf Balls,4,47.99,191.96,Second Class,2,2,0,Shipping on time,EastCoast_Hub_NJ,COMPLETE,North America
10508,20008,GA,EE. UU.,Consumer,1368,Glove It Women's Urban Zoo Golf Bag,Golf Bags,3,179.99,539.97,Standard Class,4,5,1,Late delivery,South_Hub_Dallas,COMPLETE,North America
10509,20009,NC,EE. UU.,Corporate,1369,Fitbit Surge Fitness Superwatch,Fitness Accessories,5,249.95,1249.75,Second Class,2,2,0,Shipping on time,Europe_Hub_Rotterdam,COMPLETE,North America
10510,20010,CA,EE. UU.,Home Office,1360,Perfect Fitness Perfect Rip Deck,Cleats,2,59.99,119.98,Second Class,2,4,1,Late delivery,Pacific_Hub_LA,PENDING_DISPATCH,North America
10511,20011,NY,EE. UU.,Home Office,1361,Nike Men's CJ81 Elite Football Cleat,Men's Footwear,5,129.99,649.95,Second Class,2,2,0,Shipping on time,Midwest_Hub_Chicago,COMPLETE,North America
10512,20012,TX,EE. UU.,Consumer,1362,Under Armour Girls' Toddler Spine Surge,Cardio Equipment,3,39.99,119.97,Standard Class,4,4,0,Shipping on time,EastCoast_Hub_NJ,COMPLETE,North America
10513,20013,FL,EE. UU.,Home Office,1363,O'Brien Men's Neoprene Life Vest,Water Sports,4,49.98,199.92,Standard Class,4,4,0,Shipping on time,South_Hub_Dallas,COMPLETE,North America
10514,20014,IL,EE. UU.,Home Office,1364,Pelican Sun Dolphin 5-Seat Pedal Boat,Boating,2,649.99,1299.98,Standard Class,4,4,0,Shipping on time,Europe_Hub_Rotterdam,COMPLETE,North America
10515,20015,PA,EE. UU.,Home Office,1365,Diamondback Adult Response XE Mountain Bike,Shop By Sport,3,399.98,1199.94,Standard Class,4,4,0,Shipping on time,Pacific_Hub_LA,COMPLETE,North America
10516,20016,OH,EE. UU.,Home Office,1366,Field & Stream Sportsman 16 Gun Fire Safe,Hunting & Shooting,5,399.99,1999.95,Standard Class,4,4,0,Shipping on time,Midwest_Hub_Chicago,COMPLETE,North America
10517,20017,WA,EE. UU.,Consumer,1367,Titleist Pro V1x High Golf Balls (Dozen),Golf Balls,3,47.99,143.97,First Class,1,1,0,Shipping on time,EastCoast_Hub_NJ,COMPLETE,North America
10518,20018,GA,EE. UU.,Corporate,1368,Glove It Women's Urban Zoo Golf Bag,Golf Bags,5,179.99,899.95,Standard Class,4,4,0,Shipping on time,South_Hub_Dallas,COMPLETE,North America
10519,20019,NC,EE. UU.,Corporate,1369,Fitbit Surge Fitness Superwatch,Fitness Accessories,1,249.95,249.95,Second Class,2,2,0,Shipping on time,Europe_Hub_Rotterdam,COMPLETE,North America
10520,20020,CA,EE. UU.,Consumer,1360,Perfect Fitness Perfect Rip Deck,Cleats,3,59.99,179.97,Standard Class,4,4,0,Shipping on time,Pacific_Hub_LA,PENDING_DISPATCH,North America
10521,20021,NY,EE. UU.,Consumer,1361,Nike Men's CJ81 Elite Football Cleat,Men's Footwear,3,129.99,389.97,First Class,1,1,0,Shipping on time,Midwest_Hub_Chicago,COMPLETE,North America
10522,20022,TX,EE. UU.,Consumer,1362,Under Armour Girls' Toddler Spine Surge,Cardio Equipment,1,39.99,39.99,Second Class,2,2,0,Shipping on time,EastCoast_Hub_NJ,COMPLETE,North America
10523,20023,FL,EE. UU.,Consumer,1363,O'Brien Men's Neoprene Life Vest,Water Sports,5,49.98,249.9,Standard Class,4,4,0,Shipping on time,South_Hub_Dallas,COMPLETE,North America
10524,20024,IL,EE. UU.,Consumer,1364,Pelican Sun Dolphin 5-Seat Pedal Boat,Boating,2,649.99,1299.98,Standard Class,4,8,1,Late delivery,Europe_Hub_Rotterdam,COMPLETE,North America
10525,20025,PA,EE. UU.,Consumer,1365,Diamondback Adult Response XE Mountain Bike,Shop By Sport,3,399.98,1199.94,First Class,1,4,1,Late delivery,Pacific_Hub_LA,COMPLETE,North America
10526,20026,OH,EE. UU.,Home Office,1366,Field & Stream Sportsman 16 Gun Fire Safe,Hunting & Shooting,4,399.99,1599.96,Standard Class,4,6,1,Late delivery,Midwest_Hub_Chicago,COMPLETE,North America
10527,20027,WA,EE. UU.,Corporate,1367,Titleist Pro V1x High Golf Balls (Dozen),Golf Balls,5,47.99,239.95,Standard Class,4,7,1,Late delivery,EastCoast_Hub_NJ,COMPLETE,North America
10528,20028,GA,EE. UU.,Corporate,1368,Glove It Women's Urban Zoo Golf Bag,Golf Bags,5,179.99,899.95,Standard Class,4,8,1,Late delivery,South_Hub_Dallas,COMPLETE,North America
10529,20029,NC,EE. UU.,Consumer,1369,Fitbit Surge Fitness Superwatch,Fitness Accessories,4,249.95,999.8,Standard Class,4,4,0,Shipping on time,Europe_Hub_Rotterdam,COMPLETE,North America
10530,20030,CA,EE. UU.,Consumer,1360,Perfect Fitness Perfect Rip Deck,Cleats,3,59.99,179.97,Standard Class,4,4,0,Shipping on time,Pacific_Hub_LA,PENDING_DISPATCH,North America
10531,20031,NY,EE. UU.,Corporate,1361,Nike Men's CJ81 Elite Football Cleat,Men's Footwear,2,129.99,259.98,Standard Class,4,4,0,Shipping on time,Midwest_Hub_Chicago,COMPLETE,North America
10532,20032,TX,EE. UU.,Corporate,1362,Under Armour Girls' Toddler Spine Surge,Cardio Equipment,2,39.99,79.98,Standard Class,4,4,0,Shipping on time,EastCoast_Hub_NJ,COMPLETE,North America
10533,20033,FL,EE. UU.,Corporate,1363,O'Brien Men's Neoprene Life Vest,Water Sports,1,49.98,49.98,Second Class,2,2,0,Shipping on time,South_Hub_Dallas,COMPLETE,North America
10534,20034,IL,EE. UU.,Consumer,1364,Pelican Sun Dolphin 5-Seat Pedal Boat,Boating,1,649.99,649.99,Standard Class,4,4,0,Shipping on time,Europe_Hub_Rotterdam,COMPLETE,North America
10535,20035,PA,EE. UU.,Consumer,1365,Diamondback Adult Response XE Mountain Bike,Shop By Sport,1,399.98,399.98,Standard Class,4,7,1,Late delivery,Pacific_Hub_LA,COMPLETE,North America
10536,20036,OH,EE. UU.,Home Office,1366,Field & Stream Sportsman 16 Gun Fire Safe,Hunting & Shooting,3,399.99,1199.97,Standard Class,4,4,0,Shipping on time,Midwest_Hub_Chicago,COMPLETE,North America
10537,20037,WA,EE. UU.,Home Office,1367,Titleist Pro V1x High Golf Balls (Dozen),Golf Balls,3,47.99,143.97,First Class,1,2,1,Late delivery,EastCoast_Hub_NJ,COMPLETE,North America
10538,20038,GA,EE. UU.,Home Office,1368,Glove It Women's Urban Zoo Golf Bag,Golf Bags,3,179.99,539.97,Standard Class,4,4,0,Shipping on time,South_Hub_Dallas,COMPLETE,North America
10539,20039,NC,EE. UU.,Corporate,1369,Fitbit Surge Fitness Superwatch,Fitness Accessories,5,249.95,1249.75,First Class,1,1,0,Shipping on time,Europe_Hub_Rotterdam,COMPLETE,North America
10540,20040,CA,EE. UU.,Corporate,1360,Perfect Fitness Perfect Rip Deck,Cleats,4,59.99,239.96,First Class,1,1,0,Shipping on time,Pacific_Hub_LA,PENDING_DISPATCH,North America
10541,20041,NY,EE. UU.,Consumer,1361,Nike Men's CJ81 Elite Football Cleat,Men's Footwear,1,129.99,129.99,Standard Class,4,4,0,Shipping on time,Midwest_Hub_Chicago,COMPLETE,North America
10542,20042,TX,EE. UU.,Home Office,1362,Under Armour Girls' Toddler Spine Surge,Cardio Equipment,4,39.99,159.96,Standard Class,4,4,0,Shipping on time,EastCoast_Hub_NJ,COMPLETE,North America
10543,20043,FL,EE. UU.,Consumer,1363,O'Brien Men's Neoprene Life Vest,Water Sports,4,49.98,199.92,Standard Class,4,4,0,Shipping on time,South_Hub_Dallas,COMPLETE,North America
10544,20044,IL,EE. UU.,Consumer,1364,Pelican Sun Dolphin 5-Seat Pedal Boat,Boating,5,649.99,3249.95,Second Class,2,2,0,Shipping on time,Europe_Hub_Rotterdam,COMPLETE,North America
10545,20045,PA,EE. UU.,Home Office,1365,Diamondback Adult Response XE Mountain Bike,Shop By Sport,5,399.98,1999.9,Standard Class,4,4,0,Shipping on time,Pacific_Hub_LA,COMPLETE,North America
10546,20046,OH,EE. UU.,Consumer,1366,Field & Stream Sportsman 16 Gun Fire Safe,Hunting & Shooting,3,399.99,1199.97,Standard Class,4,4,0,Shipping on time,Midwest_Hub_Chicago,COMPLETE,North America
10547,20047,WA,EE. UU.,Home Office,1367,Titleist Pro V1x High Golf Balls (Dozen),Golf Balls,4,47.99,191.96,First Class,1,4,1,Late delivery,EastCoast_Hub_NJ,COMPLETE,North America
10548,20048,GA,EE. UU.,Home Office,1368,Glove It Women's Urban Zoo Golf Bag,Golf Bags,4,179.99,719.96,Standard Class,4,4,0,Shipping on time,South_Hub_Dallas,COMPLETE,North America
10549,20049,NC,EE. UU.,Consumer,1369,Fitbit Surge Fitness Superwatch,Fitness Accessories,3,249.95,749.85,Standard Class,4,4,0,Shipping on time,Europe_Hub_Rotterdam,COMPLETE,North America
10550,20050,CA,EE. UU.,Corporate,1360,Perfect Fitness Perfect Rip Deck,Cleats,1,59.99,59.99,Standard Class,4,4,0,Shipping on time,Pacific_Hub_LA,PENDING_DISPATCH,North America
10551,20051,NY,EE. UU.,Corporate,1361,Nike Men's CJ81 Elite Football Cleat,Men's Footwear,1,129.99,129.99,Standard Class,4,4,0,Shipping on time,Midwest_Hub_Chicago,COMPLETE,North America
10552,20052,TX,EE. UU.,Home Office,1362,Under Armour Girls' Toddler Spine Surge,Cardio Equipment,2,39.99,79.98,First Class,1,1,0,Shipping on time,EastCoast_Hub_NJ,COMPLETE,North America
10553,20053,FL,EE. UU.,Consumer,1363,O'Brien Men's Neoprene Life Vest,Water Sports,2,49.98,99.96,Standard Class,4,4,0,Shipping on time,South_Hub_Dallas,COMPLETE,North America
10554,20054,IL,EE. UU.,Consumer,1364,Pelican Sun Dolphin 5-Seat Pedal Boat,Boating,4,649.99,2599.96,Standard Class,4,5,1,Late delivery,Europe_Hub_Rotterdam,COMPLETE,North America
10555,20055,PA,EE. UU.,Consumer,1365,Diamondback Adult Response XE Mountain Bike,Shop By Sport,4,399.98,1599.92,Standard Class,4,5,1,Late delivery,Pacific_Hub_LA,COMPLETE,North America
10556,20056,OH,EE. UU.,Consumer,1366,Field & Stream Sportsman 16 Gun Fire Safe,Hunting & Shooting,3,399.99,1199.97,Standard Class,4,4,0,Shipping on time,Midwest_Hub_Chicago,COMPLETE,North America
10557,20057,WA,EE. UU.,Consumer,1367,Titleist Pro V1x High Golf Balls (Dozen),Golf Balls,4,47.99,191.96,Standard Class,4,4,0,Shipping on time,EastCoast_Hub_NJ,COMPLETE,North America
10558,20058,GA,EE. UU.,Consumer,1368,Glove It Women's Urban Zoo Golf Bag,Golf Bags,4,179.99,719.96,Standard Class,4,6,1,Late delivery,South_Hub_Dallas,COMPLETE,North America
10559,20059,NC,EE. UU.,Corporate,1369,Fitbit Surge Fitness Superwatch,Fitness Accessories,3,249.95,749.85,First Class,1,1,0,Shipping on time,Europe_Hub_Rotterdam,COMPLETE,North America
10560,20060,CA,EE. UU.,Consumer,1360,Perfect Fitness Perfect Rip Deck,Cleats,2,59.99,119.98,Standard Class,4,4,0,Shipping on time,Pacific_Hub_LA,PENDING_DISPATCH,North America
10561,20061,NY,EE. UU.,Home Office,1361,Nike Men's CJ81 Elite Football Cleat,Men's Footwear,3,129.99,389.97,Standard Class,4,5,1,Late delivery,Midwest_Hub_Chicago,COMPLETE,North America
10562,20062,TX,EE. UU.,Corporate,1362,Under Armour Girls' Toddler Spine Surge,Cardio Equipment,4,39.99,159.96,Standard Class,4,4,0,Shipping on time,EastCoast_Hub_NJ,COMPLETE,North America
10563,20063,FL,EE. UU.,Home Office,1363,O'Brien Men's Neoprene Life Vest,Water Sports,5,49.98,249.9,Second Class,2,2,0,Shipping on time,South_Hub_Dallas,COMPLETE,North America
10564,20064,IL,EE. UU.,Corporate,1364,Pelican Sun Dolphin 5-Seat Pedal Boat,Boating,2,649.99,1299.98,Same Day,0,2,1,Late delivery,Europe_Hub_Rotterdam,COMPLETE,North America
10565,20065,PA,EE. UU.,Home Office,1365,Diamondback Adult Response XE Mountain Bike,Shop By Sport,3,399.98,1199.94,Standard Class,4,4,0,Shipping on time,Pacific_Hub_LA,COMPLETE,North America
10566,20066,OH,EE. UU.,Consumer,1366,Field & Stream Sportsman 16 Gun Fire Safe,Hunting & Shooting,1,399.99,399.99,Standard Class,4,4,0,Shipping on time,Midwest_Hub_Chicago,COMPLETE,North America
10567,20067,WA,EE. UU.,Consumer,1367,Titleist Pro V1x High Golf Balls (Dozen),Golf Balls,1,47.99,47.99,Standard Class,4,4,0,Shipping on time,EastCoast_Hub_NJ,COMPLETE,North America
10568,20068,GA,EE. UU.,Consumer,1368,Glove It Women's Urban Zoo Golf Bag,Golf Bags,1,179.99,179.99,Standard Class,4,4,0,Shipping on time,South_Hub_Dallas,COMPLETE,North America
10569,20069,NC,EE. UU.,Home Office,1369,Fitbit Surge Fitness Superwatch,Fitness Accessories,1,249.95,249.95,Standard Class,4,7,1,Late delivery,Europe_Hub_Rotterdam,COMPLETE,North America
10570,20070,CA,EE. UU.,Consumer,1360,Perfect Fitness Perfect Rip Deck,Cleats,3,59.99,179.97,Standard Class,4,4,0,Shipping on time,Pacific_Hub_LA,PENDING_DISPATCH,North America
10571,20071,NY,EE. UU.,Consumer,1361,Nike Men's CJ81 Elite Football Cleat,Men's Footwear,5,129.99,649.95,First Class,1,1,0,Shipping on time,Midwest_Hub_Chicago,COMPLETE,North America
10572,20072,TX,EE. UU.,Corporate,1362,Under Armour Girls' Toddler Spine Surge,Cardio Equipment,3,39.99,119.97,First Class,1,1,0,Shipping on time,EastCoast_Hub_NJ,COMPLETE,North America
10573,20073,FL,EE. UU.,Consumer,1363,O'Brien Men's Neoprene Life Vest,Water Sports,5,49.98,249.9,Standard Class,4,4,0,Shipping on time,South_Hub_Dallas,COMPLETE,North America
10574,20074,IL,EE. UU.,Consumer,1364,Pelican Sun Dolphin 5-Seat Pedal Boat,Boating,5,649.99,3249.95,Standard Class,4,7,1,Late delivery,Europe_Hub_Rotterdam,COMPLETE,North America
10575,20075,PA,EE. UU.,Consumer,1365,Diamondback Adult Response XE Mountain Bike,Shop By Sport,4,399.98,1599.92,Second Class,2,2,0,Shipping on time,Pacific_Hub_LA,COMPLETE,North America
10576,20076,OH,EE. UU.,Consumer,1366,Field & Stream Sportsman 16 Gun Fire Safe,Hunting & Shooting,3,399.99,1199.97,Second Class,2,2,0,Shipping on time,Midwest_Hub_Chicago,COMPLETE,North America
10577,20077,WA,EE. UU.,Consumer,1367,Titleist Pro V1x High Golf Balls (Dozen),Golf Balls,2,47.99,95.98,First Class,1,1,0,Shipping on time,EastCoast_Hub_NJ,COMPLETE,North America
10578,20078,GA,EE. UU.,Consumer,1368,Glove It Women's Urban Zoo Golf Bag,Golf Bags,1,179.99,179.99,Standard Class,4,8,1,Late delivery,South_Hub_Dallas,COMPLETE,North America
10579,20079,NC,EE. UU.,Consumer,1369,Fitbit Surge Fitness Superwatch,Fitness Accessories,3,249.95,749.85,Standard Class,4,4,0,Shipping on time,Europe_Hub_Rotterdam,COMPLETE,North America
10580,20080,CA,EE. UU.,Corporate,1360,Perfect Fitness Perfect Rip Deck,Cleats,1,59.99,59.99,First Class,1,1,0,Shipping on time,Pacific_Hub_LA,PENDING_DISPATCH,North America
10581,20081,NY,EE. UU.,Consumer,1361,Nike Men's CJ81 Elite Football Cleat,Men's Footwear,1,129.99,129.99,Second Class,2,2,0,Shipping on time,Midwest_Hub_Chicago,COMPLETE,North America
10582,20082,TX,EE. UU.,Corporate,1362,Under Armour Girls' Toddler Spine Surge,Cardio Equipment,4,39.99,159.96,Standard Class,4,4,0,Shipping on time,EastCoast_Hub_NJ,COMPLETE,North America
10583,20083,FL,EE. UU.,Home Office,1363,O'Brien Men's Neoprene Life Vest,Water Sports,4,49.98,199.92,Second Class,2,3,1,Late delivery,South_Hub_Dallas,COMPLETE,North America
10584,20084,IL,EE. UU.,Consumer,1364,Pelican Sun Dolphin 5-Seat Pedal Boat,Boating,4,649.99,2599.96,Standard Class,4,6,1,Late delivery,Europe_Hub_Rotterdam,COMPLETE,North America
10585,20085,PA,EE. UU.,Consumer,1365,Diamondback Adult Response XE Mountain Bike,Shop By Sport,2,399.98,799.96,Standard Class,4,4,0,Shipping on time,Pacific_Hub_LA,COMPLETE,North America
10586,20086,OH,EE. UU.,Consumer,1366,Field & Stream Sportsman 16 Gun Fire Safe,Hunting & Shooting,2,399.99,799.98,Standard Class,4,4,0,Shipping on time,Midwest_Hub_Chicago,COMPLETE,North America
10587,20087,WA,EE. UU.,Consumer,1367,Titleist Pro V1x High Golf Balls (Dozen),Golf Balls,2,47.99,95.98,Standard Class,4,6,1,Late delivery,EastCoast_Hub_NJ,COMPLETE,North America
10588,20088,GA,EE. UU.,Consumer,1368,Glove It Women's Urban Zoo Golf Bag,Golf Bags,2,179.99,359.98,Same Day,0,0,0,Shipping on time,South_Hub_Dallas,COMPLETE,North America
10589,20089,NC,EE. UU.,Corporate,1369,Fitbit Surge Fitness Superwatch,Fitness Accessories,4,249.95,999.8,Standard Class,4,4,0,Shipping on time,Europe_Hub_Rotterdam,COMPLETE,North America
10590,20090,CA,EE. UU.,Consumer,1360,Perfect Fitness Perfect Rip Deck,Cleats,1,59.99,59.99,First Class,1,1,0,Shipping on time,Pacific_Hub_LA,PENDING_DISPATCH,North America
10591,20091,NY,EE. UU.,Consumer,1361,Nike Men's CJ81 Elite Football Cleat,Men's Footwear,4,129.99,519.96,Second Class,2,2,0,Shipping on time,Midwest_Hub_Chicago,COMPLETE,North America
10592,20092,TX,EE. UU.,Corporate,1362,Under Armour Girls' Toddler Spine Surge,Cardio Equipment,1,39.99,39.99,Standard Class,4,4,0,Shipping on time,EastCoast_Hub_NJ,COMPLETE,North America
10593,20093,FL,EE. UU.,Consumer,1363,O'Brien Men's Neoprene Life Vest,Water Sports,5,49.98,249.9,Standard Class,4,4,0,Shipping on time,South_Hub_Dallas,COMPLETE,North America
10594,20094,IL,EE. UU.,Home Office,1364,Pelican Sun Dolphin 5-Seat Pedal Boat,Boating,4,649.99,2599.96,Second Class,2,2,0,Shipping on time,Europe_Hub_Rotterdam,COMPLETE,North America
10595,20095,PA,EE. UU.,Consumer,1365,Diamondback Adult Response XE Mountain Bike,Shop By Sport,4,399.98,1599.92,Standard Class,4,4,0,Shipping on time,Pacific_Hub_LA,COMPLETE,North America
10596,20096,OH,EE. UU.,Consumer,1366,Field & Stream Sportsman 16 Gun Fire Safe,Hunting & Shooting,5,399.99,1999.95,Standard Class,4,4,0,Shipping on time,Midwest_Hub_Chicago,COMPLETE,North America
10597,20097,WA,EE. UU.,Consumer,1367,Titleist Pro V1x High Golf Balls (Dozen),Golf Balls,1,47.99,47.99,Standard Class,4,4,0,Shipping on time,EastCoast_Hub_NJ,COMPLETE,North America
10598,20098,GA,EE. UU.,Consumer,1368,Glove It Women's Urban Zoo Golf Bag,Golf Bags,5,179.99,899.95,Standard Class,4,4,0,Shipping on time,South_Hub_Dallas,COMPLETE,North America
10599,20099,NC,EE. UU.,Consumer,1369,Fitbit Surge Fitness Superwatch,Fitness Accessories,5,249.95,1249.75,Standard Class,4,4,0,Shipping on time,Europe_Hub_Rotterdam,COMPLETE,North America
10600,20100,CA,EE. UU.,Consumer,1360,Perfect Fitness Perfect Rip Deck,Cleats,1,59.99,59.99,Standard Class,4,4,0,Shipping on time,Pacific_Hub_LA,PENDING_DISPATCH,North America
10601,20101,NY,EE. UU.,Home Office,1361,Nike Men's CJ81 Elite Football Cleat,Men's Footwear,1,129.99,129.99,First Class,1,1,0,Shipping on time,Midwest_Hub_Chicago,COMPLETE,North America
10602,20102,TX,EE. UU.,Consumer,1362,Under Armour Girls' Toddler Spine Surge,Cardio Equipment,1,39.99,39.99,Same Day,0,0,0,Shipping on time,EastCoast_Hub_NJ,COMPLETE,North America
10603,20103,FL,EE. UU.,Corporate,1363,O'Brien Men's Neoprene Life Vest,Water Sports,4,49.98,199.92,Standard Class,4,5,1,Late delivery,South_Hub_Dallas,COMPLETE,North America
10604,20104,IL,EE. UU.,Consumer,1364,Pelican Sun Dolphin 5-Seat Pedal Boat,Boating,5,649.99,3249.95,Standard Class,4,4,0,Shipping on time,Europe_Hub_Rotterdam,COMPLETE,North America
10605,20105,PA,EE. UU.,Corporate,1365,Diamondback Adult Response XE Mountain Bike,Shop By Sport,2,399.98,799.96,Second Class,2,5,1,Late delivery,Pacific_Hub_LA,COMPLETE,North America
10606,20106,OH,EE. UU.,Consumer,1366,Field & Stream Sportsman 16 Gun Fire Safe,Hunting & Shooting,1,399.99,399.99,Standard Class,4,4,0,Shipping on time,Midwest_Hub_Chicago,COMPLETE,North America
10607,20107,WA,EE. UU.,Home Office,1367,Titleist Pro V1x High Golf Balls (Dozen),Golf Balls,5,47.99,239.95,Second Class,2,4,1,Late delivery,EastCoast_Hub_NJ,COMPLETE,North America
10608,20108,GA,EE. UU.,Corporate,1368,Glove It Women's Urban Zoo Golf Bag,Golf Bags,5,179.99,899.95,Standard Class,4,4,0,Shipping on time,South_Hub_Dallas,COMPLETE,North America
10609,20109,NC,EE. UU.,Consumer,1369,Fitbit Surge Fitness Superwatch,Fitness Accessories,2,249.95,499.9,Standard Class,4,7,1,Late delivery,Europe_Hub_Rotterdam,COMPLETE,North America
10610,20110,CA,EE. UU.,Consumer,1360,Perfect Fitness Perfect Rip Deck,Cleats,4,59.99,239.96,Standard Class,4,4,0,Shipping on time,Pacific_Hub_LA,PENDING_DISPATCH,North America
10611,20111,NY,EE. UU.,Home Office,1361,Nike Men's CJ81 Elite Football Cleat,Men's Footwear,5,129.99,649.95,First Class,1,5,1,Late delivery,Midwest_Hub_Chicago,COMPLETE,North America
10612,20112,TX,EE. UU.,Consumer,1362,Under Armour Girls' Toddler Spine Surge,Cardio Equipment,1,39.99,39.99,First Class,1,1,0,Shipping on time,EastCoast_Hub_NJ,COMPLETE,North America
10613,20113,FL,EE. UU.,Home Office,1363,O'Brien Men's Neoprene Life Vest,Water Sports,4,49.98,199.92,Standard Class,4,6,1,Late delivery,South_Hub_Dallas,COMPLETE,North America
10614,20114,IL,EE. UU.,Consumer,1364,Pelican Sun Dolphin 5-Seat Pedal Boat,Boating,5,649.99,3249.95,Second Class,2,4,1,Late delivery,Europe_Hub_Rotterdam,COMPLETE,North America
10615,20115,PA,EE. UU.,Consumer,1365,Diamondback Adult Response XE Mountain Bike,Shop By Sport,1,399.98,399.98,Standard Class,4,4,0,Shipping on time,Pacific_Hub_LA,COMPLETE,North America
10616,20116,OH,EE. UU.,Home Office,1366,Field & Stream Sportsman 16 Gun Fire Safe,Hunting & Shooting,4,399.99,1599.96,First Class,1,1,0,Shipping on time,Midwest_Hub_Chicago,COMPLETE,North America
10617,20117,WA,EE. UU.,Corporate,1367,Titleist Pro V1x High Golf Balls (Dozen),Golf Balls,3,47.99,143.97,Standard Class,4,4,0,Shipping on time,EastCoast_Hub_NJ,COMPLETE,North America
10618,20118,GA,EE. UU.,Consumer,1368,Glove It Women's Urban Zoo Golf Bag,Golf Bags,1,179.99,179.99,Standard Class,4,6,1,Late delivery,South_Hub_Dallas,COMPLETE,North America
10619,20119,NC,EE. UU.,Corporate,1369,Fitbit Surge Fitness Superwatch,Fitness Accessories,2,249.95,499.9,Standard Class,4,7,1,Late delivery,Europe_Hub_Rotterdam,COMPLETE,North America
10620,20120,CA,EE. UU.,Corporate,1360,Perfect Fitness Perfect Rip Deck,Cleats,2,59.99,119.98,Standard Class,4,4,0,Shipping on time,Pacific_Hub_LA,PENDING_DISPATCH,North America
10621,20121,NY,EE. UU.,Home Office,1361,Nike Men's CJ81 Elite Football Cleat,Men's Footwear,5,129.99,649.95,Standard Class,4,4,0,Shipping on time,Midwest_Hub_Chicago,COMPLETE,North America
10622,20122,TX,EE. UU.,Corporate,1362,Under Armour Girls' Toddler Spine Surge,Cardio Equipment,4,39.99,159.96,Standard Class,4,4,0,Shipping on time,EastCoast_Hub_NJ,COMPLETE,North America
10623,20123,FL,EE. UU.,Home Office,1363,O'Brien Men's Neoprene Life Vest,Water Sports,2,49.98,99.96,Standard Class,4,4,0,Shipping on time,South_Hub_Dallas,COMPLETE,North America
10624,20124,IL,EE. UU.,Consumer,1364,Pelican Sun Dolphin 5-Seat Pedal Boat,Boating,1,649.99,649.99,Standard Class,4,6,1,Late delivery,Europe_Hub_Rotterdam,COMPLETE,North America
10625,20125,PA,EE. UU.,Corporate,1365,Diamondback Adult Response XE Mountain Bike,Shop By Sport,3,399.98,1199.94,Second Class,2,2,0,Shipping on time,Pacific_Hub_LA,COMPLETE,North America
10626,20126,OH,EE. UU.,Corporate,1366,Field & Stream Sportsman 16 Gun Fire Safe,Hunting & Shooting,5,399.99,1999.95,Second Class,2,2,0,Shipping on time,Midwest_Hub_Chicago,COMPLETE,North America
10627,20127,WA,EE. UU.,Consumer,1367,Titleist Pro V1x High Golf Balls (Dozen),Golf Balls,5,47.99,239.95,First Class,1,1,0,Shipping on time,EastCoast_Hub_NJ,COMPLETE,North America
10628,20128,GA,EE. UU.,Corporate,1368,Glove It Women's Urban Zoo Golf Bag,Golf Bags,1,179.99,179.99,Standard Class,4,4,0,Shipping on time,South_Hub_Dallas,COMPLETE,North America
10629,20129,NC,EE. UU.,Corporate,1369,Fitbit Surge Fitness Superwatch,Fitness Accessories,3,249.95,749.85,Standard Class,4,8,1,Late delivery,Europe_Hub_Rotterdam,COMPLETE,North America
10630,20130,CA,EE. UU.,Corporate,1360,Perfect Fitness Perfect Rip Deck,Cleats,2,59.99,119.98,Standard Class,4,6,1,Late delivery,Pacific_Hub_LA,PENDING_DISPATCH,North America
10631,20131,NY,EE. UU.,Home Office,1361,Nike Men's CJ81 Elite Football Cleat,Men's Footwear,5,129.99,649.95,Standard Class,4,4,0,Shipping on time,Midwest_Hub_Chicago,COMPLETE,North America
10632,20132,TX,EE. UU.,Consumer,1362,Under Armour Girls' Toddler Spine Surge,Cardio Equipment,1,39.99,39.99,Second Class,2,2,0,Shipping on time,EastCoast_Hub_NJ,COMPLETE,North America
10633,20133,FL,EE. UU.,Consumer,1363,O'Brien Men's Neoprene Life Vest,Water Sports,4,49.98,199.92,Standard Class,4,4,0,Shipping on time,South_Hub_Dallas,COMPLETE,North America
10634,20134,IL,EE. UU.,Corporate,1364,Pelican Sun Dolphin 5-Seat Pedal Boat,Boating,5,649.99,3249.95,Second Class,2,2,0,Shipping on time,Europe_Hub_Rotterdam,COMPLETE,North America
10635,20135,PA,EE. UU.,Consumer,1365,Diamondback Adult Response XE Mountain Bike,Shop By Sport,1,399.98,399.98,Standard Class,4,4,0,Shipping on time,Pacific_Hub_LA,COMPLETE,North America
10636,20136,OH,EE. UU.,Corporate,1366,Field & Stream Sportsman 16 Gun Fire Safe,Hunting & Shooting,1,399.99,399.99,Standard Class,4,4,0,Shipping on time,Midwest_Hub_Chicago,COMPLETE,North America
10637,20137,WA,EE. UU.,Consumer,1367,Titleist Pro V1x High Golf Balls (Dozen),Golf Balls,2,47.99,95.98,First Class,1,1,0,Shipping on time,EastCoast_Hub_NJ,COMPLETE,North America
10638,20138,GA,EE. UU.,Consumer,1368,Glove It Women's Urban Zoo Golf Bag,Golf Bags,2,179.99,359.98,Standard Class,4,4,0,Shipping on time,South_Hub_Dallas,COMPLETE,North America
10639,20139,NC,EE. UU.,Consumer,1369,Fitbit Surge Fitness Superwatch,Fitness Accessories,2,249.95,499.9,Standard Class,4,4,0,Shipping on time,Europe_Hub_Rotterdam,COMPLETE,North America
10640,20140,CA,EE. UU.,Consumer,1360,Perfect Fitness Perfect Rip Deck,Cleats,4,59.99,239.96,Standard Class,4,8,1,Late delivery,Pacific_Hub_LA,PENDING_DISPATCH,North America
10641,20141,NY,EE. UU.,Consumer,1361,Nike Men's CJ81 Elite Football Cleat,Men's Footwear,4,129.99,519.96,Standard Class,4,4,0,Shipping on time,Midwest_Hub_Chicago,COMPLETE,North America
10642,20142,TX,EE. UU.,Consumer,1362,Under Armour Girls' Toddler Spine Surge,Cardio Equipment,1,39.99,39.99,Standard Class,4,4,0,Shipping on time,EastCoast_Hub_NJ,COMPLETE,North America
10643,20143,FL,EE. UU.,Consumer,1363,O'Brien Men's Neoprene Life Vest,Water Sports,5,49.98,249.9,Standard Class,4,4,0,Shipping on time,South_Hub_Dallas,COMPLETE,North America
10644,20144,IL,EE. UU.,Home Office,1364,Pelican Sun Dolphin 5-Seat Pedal Boat,Boating,3,649.99,1949.97,Standard Class,4,4,0,Shipping on time,Europe_Hub_Rotterdam,COMPLETE,North America
10645,20145,PA,EE. UU.,Consumer,1365,Diamondback Adult Response XE Mountain Bike,Shop By Sport,5,399.98,1999.9,Standard Class,4,6,1,Late delivery,Pacific_Hub_LA,COMPLETE,North America
10646,20146,OH,EE. UU.,Corporate,1366,Field & Stream Sportsman 16 Gun Fire Safe,Hunting & Shooting,4,399.99,1599.96,Second Class,2,2,0,Shipping on time,Midwest_Hub_Chicago,COMPLETE,North America
10647,20147,WA,EE. UU.,Home Office,1367,Titleist Pro V1x High Golf Balls (Dozen),Golf Balls,1,47.99,47.99,Standard Class,4,4,0,Shipping on time,EastCoast_Hub_NJ,COMPLETE,North America
10648,20148,GA,EE. UU.,Home Office,1368,Glove It Women's Urban Zoo Golf Bag,Golf Bags,1,179.99,179.99,Standard Class,4,5,1,Late delivery,South_Hub_Dallas,COMPLETE,North America
10649,20149,NC,EE. UU.,Corporate,1369,Fitbit Surge Fitness Superwatch,Fitness Accessories,4,249.95,999.8,Standard Class,4,4,0,Shipping on time,Europe_Hub_Rotterdam,COMPLETE,North America
10650,20150,CA,EE. UU.,Home Office,1360,Perfect Fitness Perfect Rip Deck,Cleats,2,59.99,119.98,Standard Class,4,4,0,Shipping on time,Pacific_Hub_LA,PENDING_DISPATCH,North America
10651,20151,NY,EE. UU.,Consumer,1361,Nike Men's CJ81 Elite Football Cleat,Men's Footwear,3,129.99,389.97,First Class,1,2,1,Late delivery,Midwest_Hub_Chicago,COMPLETE,North America
10652,20152,TX,EE. UU.,Consumer,1362,Under Armour Girls' Toddler Spine Surge,Cardio Equipment,1,39.99,39.99,Second Class,2,2,0,Shipping on time,EastCoast_Hub_NJ,COMPLETE,North America
10653,20153,FL,EE. UU.,Corporate,1363,O'Brien Men's Neoprene Life Vest,Water Sports,5,49.98,249.9,Standard Class,4,4,0,Shipping on time,South_Hub_Dallas,COMPLETE,North America
10654,20154,IL,EE. UU.,Consumer,1364,Pelican Sun Dolphin 5-Seat Pedal Boat,Boating,2,649.99,1299.98,Standard Class,4,4,0,Shipping on time,Europe_Hub_Rotterdam,COMPLETE,North America
10655,20155,PA,EE. UU.,Corporate,1365,Diamondback Adult Response XE Mountain Bike,Shop By Sport,3,399.98,1199.94,Standard Class,4,8,1,Late delivery,Pacific_Hub_LA,COMPLETE,North America
10656,20156,OH,EE. UU.,Home Office,1366,Field & Stream Sportsman 16 Gun Fire Safe,Hunting & Shooting,5,399.99,1999.95,Standard Class,4,4,0,Shipping on time,Midwest_Hub_Chicago,COMPLETE,North America
10657,20157,WA,EE. UU.,Consumer,1367,Titleist Pro V1x High Golf Balls (Dozen),Golf Balls,1,47.99,47.99,Standard Class,4,5,1,Late delivery,EastCoast_Hub_NJ,COMPLETE,North America
10658,20158,GA,EE. UU.,Corporate,1368,Glove It Women's Urban Zoo Golf Bag,Golf Bags,2,179.99,359.98,Same Day,0,4,1,Late delivery,South_Hub_Dallas,COMPLETE,North America
10659,20159,NC,EE. UU.,Consumer,1369,Fitbit Surge Fitness Superwatch,Fitness Accessories,1,249.95,249.95,Standard Class,4,4,0,Shipping on time,Europe_Hub_Rotterdam,COMPLETE,North America
10660,20160,CA,EE. UU.,Home Office,1360,Perfect Fitness Perfect Rip Deck,Cleats,1,59.99,59.99,Standard Class,4,4,0,Shipping on time,Pacific_Hub_LA,PENDING_DISPATCH,North America
10661,20161,NY,EE. UU.,Corporate,1361,Nike Men's CJ81 Elite Football Cleat,Men's Footwear,5,129.99,649.95,Standard Class,4,6,1,Late delivery,Midwest_Hub_Chicago,COMPLETE,North America
10662,20162,TX,EE. UU.,Home Office,1362,Under Armour Girls' Toddler Spine Surge,Cardio Equipment,4,39.99,159.96,Second Class,2,2,0,Shipping on time,EastCoast_Hub_NJ,COMPLETE,North America
10663,20163,FL,EE. UU.,Consumer,1363,O'Brien Men's Neoprene Life Vest,Water Sports,3,49.98,149.94,First Class,1,4,1,Late delivery,South_Hub_Dallas,COMPLETE,North America
10664,20164,IL,EE. UU.,Corporate,1364,Pelican Sun Dolphin 5-Seat Pedal Boat,Boating,3,649.99,1949.97,Standard Class,4,4,0,Shipping on time,Europe_Hub_Rotterdam,COMPLETE,North America
10665,20165,PA,EE. UU.,Consumer,1365,Diamondback Adult Response XE Mountain Bike,Shop By Sport,5,399.98,1999.9,Standard Class,4,4,0,Shipping on time,Pacific_Hub_LA,COMPLETE,North America
10666,20166,OH,EE. UU.,Consumer,1366,Field & Stream Sportsman 16 Gun Fire Safe,Hunting & Shooting,5,399.99,1999.95,Standard Class,4,8,1,Late delivery,Midwest_Hub_Chicago,COMPLETE,North America
10667,20167,WA,EE. UU.,Corporate,1367,Titleist Pro V1x High Golf Balls (Dozen),Golf Balls,3,47.99,143.97,First Class,1,2,1,Late delivery,EastCoast_Hub_NJ,COMPLETE,North America
10668,20168,GA,EE. UU.,Corporate,1368,Glove It Women's Urban Zoo Golf Bag,Golf Bags,1,179.99,179.99,Standard Class,4,4,0,Shipping on time,South_Hub_Dallas,COMPLETE,North America
10669,20169,NC,EE. UU.,Corporate,1369,Fitbit Surge Fitness Superwatch,Fitness Accessories,1,249.95,249.95,Second Class,2,2,0,Shipping on time,Europe_Hub_Rotterdam,COMPLETE,North America
10670,20170,CA,EE. UU.,Corporate,1360,Perfect Fitness Perfect Rip Deck,Cleats,1,59.99,59.99,First Class,1,1,0,Shipping on time,Pacific_Hub_LA,PENDING_DISPATCH,North America
10671,20171,NY,EE. UU.,Corporate,1361,Nike Men's CJ81 Elite Football Cleat,Men's Footwear,3,129.99,389.97,Second Class,2,2,0,Shipping on time,Midwest_Hub_Chicago,COMPLETE,North America
10672,20172,TX,EE. UU.,Corporate,1362,Under Armour Girls' Toddler Spine Surge,Cardio Equipment,2,39.99,79.98,Second Class,2,2,0,Shipping on time,EastCoast_Hub_NJ,COMPLETE,North America
10673,20173,FL,EE. UU.,Corporate,1363,O'Brien Men's Neoprene Life Vest,Water Sports,2,49.98,99.96,Standard Class,4,8,1,Late delivery,South_Hub_Dallas,COMPLETE,North America
10674,20174,IL,EE. UU.,Consumer,1364,Pelican Sun Dolphin 5-Seat Pedal Boat,Boating,2,649.99,1299.98,Standard Class,4,6,1,Late delivery,Europe_Hub_Rotterdam,COMPLETE,North America
10675,20175,PA,EE. UU.,Corporate,1365,Diamondback Adult Response XE Mountain Bike,Shop By Sport,5,399.98,1999.9,Standard Class,4,4,0,Shipping on time,Pacific_Hub_LA,COMPLETE,North America
10676,20176,OH,EE. UU.,Corporate,1366,Field & Stream Sportsman 16 Gun Fire Safe,Hunting & Shooting,3,399.99,1199.97,Second Class,2,2,0,Shipping on time,Midwest_Hub_Chicago,COMPLETE,North America
10677,20177,WA,EE. UU.,Consumer,1367,Titleist Pro V1x High Golf Balls (Dozen),Golf Balls,5,47.99,239.95,Second Class,2,5,1,Late delivery,EastCoast_Hub_NJ,COMPLETE,North America
10678,20178,GA,EE. UU.,Consumer,1368,Glove It Women's Urban Zoo Golf Bag,Golf Bags,5,179.99,899.95,First Class,1,1,0,Shipping on time,South_Hub_Dallas,COMPLETE,North America
10679,20179,NC,EE. UU.,Home Office,1369,Fitbit Surge Fitness Superwatch,Fitness Accessories,3,249.95,749.85,Standard Class,4,5,1,Late delivery,Europe_Hub_Rotterdam,COMPLETE,North America
10680,20180,CA,EE. UU.,Consumer,1360,Perfect Fitness Perfect Rip Deck,Cleats,4,59.99,239.96,Standard Class,4,4,0,Shipping on time,Pacific_Hub_LA,PENDING_DISPATCH,North America
10681,20181,NY,EE. UU.,Consumer,1361,Nike Men's CJ81 Elite Football Cleat,Men's Footwear,4,129.99,519.96,First Class,1,1,0,Shipping on time,Midwest_Hub_Chicago,COMPLETE,North America
10682,20182,TX,EE. UU.,Consumer,1362,Under Armour Girls' Toddler Spine Surge,Cardio Equipment,3,39.99,119.97,Standard Class,4,8,1,Late delivery,EastCoast_Hub_NJ,COMPLETE,North America
10683,20183,FL,EE. UU.,Consumer,1363,O'Brien Men's Neoprene Life Vest,Water Sports,1,49.98,49.98,Standard Class,4,4,0,Shipping on time,South_Hub_Dallas,COMPLETE,North America
10684,20184,IL,EE. UU.,Corporate,1364,Pelican Sun Dolphin 5-Seat Pedal Boat,Boating,5,649.99,3249.95,Standard Class,4,4,0,Shipping on time,Europe_Hub_Rotterdam,COMPLETE,North America
10685,20185,PA,EE. UU.,Corporate,1365,Diamondback Adult Response XE Mountain Bike,Shop By Sport,2,399.98,799.96,Standard Class,4,4,0,Shipping on time,Pacific_Hub_LA,COMPLETE,North America
10686,20186,OH,EE. UU.,Consumer,1366,Field & Stream Sportsman 16 Gun Fire Safe,Hunting & Shooting,3,399.99,1199.97,Second Class,2,2,0,Shipping on time,Midwest_Hub_Chicago,COMPLETE,North America
10687,20187,WA,EE. UU.,Home Office,1367,Titleist Pro V1x High Golf Balls (Dozen),Golf Balls,1,47.99,47.99,Standard Class,4,4,0,Shipping on time,EastCoast_Hub_NJ,COMPLETE,North America
10688,20188,GA,EE. UU.,Corporate,1368,Glove It Women's Urban Zoo Golf Bag,Golf Bags,4,179.99,719.96,Standard Class,4,7,1,Late delivery,South_Hub_Dallas,COMPLETE,North America
10689,20189,NC,EE. UU.,Home Office,1369,Fitbit Surge Fitness Superwatch,Fitness Accessories,4,249.95,999.8,Standard Class,4,4,0,Shipping on time,Europe_Hub_Rotterdam,COMPLETE,North America
10690,20190,CA,EE. UU.,Consumer,1360,Perfect Fitness Perfect Rip Deck,Cleats,3,59.99,179.97,First Class,1,1,0,Shipping on time,Pacific_Hub_LA,PENDING_DISPATCH,North America
10691,20191,NY,EE. UU.,Corporate,1361,Nike Men's CJ81 Elite Football Cleat,Men's Footwear,3,129.99,389.97,First Class,1,1,0,Shipping on time,Midwest_Hub_Chicago,COMPLETE,North America
10692,20192,TX,EE. UU.,Consumer,1362,Under Armour Girls' Toddler Spine Surge,Cardio Equipment,5,39.99,199.95,Standard Class,4,4,0,Shipping on time,EastCoast_Hub_NJ,COMPLETE,North America
10693,20193,FL,EE. UU.,Consumer,1363,O'Brien Men's Neoprene Life Vest,Water Sports,2,49.98,99.96,Standard Class,4,4,0,Shipping on time,South_Hub_Dallas,COMPLETE,North America
10694,20194,IL,EE. UU.,Consumer,1364,Pelican Sun Dolphin 5-Seat Pedal Boat,Boating,1,649.99,649.99,Standard Class,4,4,0,Shipping on time,Europe_Hub_Rotterdam,COMPLETE,North America
10695,20195,PA,EE. UU.,Corporate,1365,Diamondback Adult Response XE Mountain Bike,Shop By Sport,2,399.98,799.96,Standard Class,4,4,0,Shipping on time,Pacific_Hub_LA,COMPLETE,North America
10696,20196,OH,EE. UU.,Home Office,1366,Field & Stream Sportsman 16 Gun Fire Safe,Hunting & Shooting,1,399.99,399.99,First Class,1,5,1,Late delivery,Midwest_Hub_Chicago,COMPLETE,North America
10697,20197,WA,EE. UU.,Corporate,1367,Titleist Pro V1x High Golf Balls (Dozen),Golf Balls,5,47.99,239.95,First Class,1,1,0,Shipping on time,EastCoast_Hub_NJ,COMPLETE,North America
10698,20198,GA,EE. UU.,Home Office,1368,Glove It Women's Urban Zoo Golf Bag,Golf Bags,4,179.99,719.96,Second Class,2,5,1,Late delivery,South_Hub_Dallas,COMPLETE,North America
10699,20199,NC,EE. UU.,Consumer,1369,Fitbit Surge Fitness Superwatch,Fitness Accessories,5,249.95,1249.75,Second Class,2,2,0,Shipping on time,Europe_Hub_Rotterdam,COMPLETE,North America
10700,20200,CA,EE. UU.,Consumer,1360,Perfect Fitness Perfect Rip Deck,Cleats,3,59.99,179.97,Standard Class,4,4,0,Shipping on time,Pacific_Hub_LA,PENDING_DISPATCH,North America
10701,20201,NY,EE. UU.,Consumer,1361,Nike Men's CJ81 Elite Football Cleat,Men's Footwear,3,129.99,389.97,Standard Class,4,4,0,Shipping on time,Midwest_Hub_Chicago,COMPLETE,North America
10702,20202,TX,EE. UU.,Consumer,1362,Under Armour Girls' Toddler Spine Surge,Cardio Equipment,2,39.99,79.98,Same Day,0,3,1,Late delivery,EastCoast_Hub_NJ,COMPLETE,North America
10703,20203,FL,EE. UU.,Corporate,1363,O'Brien Men's Neoprene Life Vest,Water Sports,2,49.98,99.96,Standard Class,4,4,0,Shipping on time,South_Hub_Dallas,COMPLETE,North America
10704,20204,IL,EE. UU.,Consumer,1364,Pelican Sun Dolphin 5-Seat Pedal Boat,Boating,4,649.99,2599.96,Standard Class,4,4,0,Shipping on time,Europe_Hub_Rotterdam,COMPLETE,North America
10705,20205,PA,EE. UU.,Consumer,1365,Diamondback Adult Response XE Mountain Bike,Shop By Sport,5,399.98,1999.9,Standard Class,4,4,0,Shipping on time,Pacific_Hub_LA,COMPLETE,North America
10706,20206,OH,EE. UU.,Consumer,1366,Field & Stream Sportsman 16 Gun Fire Safe,Hunting & Shooting,5,399.99,1999.95,Second Class,2,2,0,Shipping on time,Midwest_Hub_Chicago,COMPLETE,North America
10707,20207,WA,EE. UU.,Consumer,1367,Titleist Pro V1x High Golf Balls (Dozen),Golf Balls,4,47.99,191.96,Second Class,2,2,0,Shipping on time,EastCoast_Hub_NJ,COMPLETE,North America
10708,20208,GA,EE. UU.,Consumer,1368,Glove It Women's Urban Zoo Golf Bag,Golf Bags,4,179.99,719.96,Second Class,2,2,0,Shipping on time,South_Hub_Dallas,COMPLETE,North America
10709,20209,NC,EE. UU.,Home Office,1369,Fitbit Surge Fitness Superwatch,Fitness Accessories,1,249.95,249.95,Standard Class,4,4,0,Shipping on time,Europe_Hub_Rotterdam,COMPLETE,North America
10710,20210,CA,EE. UU.,Home Office,1360,Perfect Fitness Perfect Rip Deck,Cleats,2,59.99,119.98,Second Class,2,2,0,Shipping on time,Pacific_Hub_LA,PENDING_DISPATCH,North America
10711,20211,NY,EE. UU.,Consumer,1361,Nike Men's CJ81 Elite Football Cleat,Men's Footwear,3,129.99,389.97,Standard Class,4,4,0,Shipping on time,Midwest_Hub_Chicago,COMPLETE,North America
10712,20212,TX,EE. UU.,Consumer,1362,Under Armour Girls' Toddler Spine Surge,Cardio Equipment,2,39.99,79.98,Standard Class,4,8,1,Late delivery,EastCoast_Hub_NJ,COMPLETE,North America
10713,20213,FL,EE. UU.,Consumer,1363,O'Brien Men's Neoprene Life Vest,Water Sports,4,49.98,199.92,Standard Class,4,6,1,Late delivery,South_Hub_Dallas,COMPLETE,North America
10714,20214,IL,EE. UU.,Corporate,1364,Pelican Sun Dolphin 5-Seat Pedal Boat,Boating,1,649.99,649.99,Second Class,2,2,0,Shipping on time,Europe_Hub_Rotterdam,COMPLETE,North America
10715,20215,PA,EE. UU.,Home Office,1365,Diamondback Adult Response XE Mountain Bike,Shop By Sport,3,399.98,1199.94,Standard Class,4,4,0,Shipping on time,Pacific_Hub_LA,COMPLETE,North America
10716,20216,OH,EE. UU.,Home Office,1366,Field & Stream Sportsman 16 Gun Fire Safe,Hunting & Shooting,3,399.99,1199.97,Standard Class,4,4,0,Shipping on time,Midwest_Hub_Chicago,COMPLETE,North America
10717,20217,WA,EE. UU.,Consumer,1367,Titleist Pro V1x High Golf Balls (Dozen),Golf Balls,1,47.99,47.99,Standard Class,4,4,0,Shipping on time,EastCoast_Hub_NJ,COMPLETE,North America
10718,20218,GA,EE. UU.,Corporate,1368,Glove It Women's Urban Zoo Golf Bag,Golf Bags,4,179.99,719.96,Standard Class,4,8,1,Late delivery,South_Hub_Dallas,COMPLETE,North America
10719,20219,NC,EE. UU.,Home Office,1369,Fitbit Surge Fitness Superwatch,Fitness Accessories,5,249.95,1249.75,Second Class,2,2,0,Shipping on time,Europe_Hub_Rotterdam,COMPLETE,North America
10720,20220,CA,EE. UU.,Corporate,1360,Perfect Fitness Perfect Rip Deck,Cleats,2,59.99,119.98,First Class,1,1,0,Shipping on time,Pacific_Hub_LA,PENDING_DISPATCH,North America
10721,20221,NY,EE. UU.,Home Office,1361,Nike Men's CJ81 Elite Football Cleat,Men's Footwear,1,129.99,129.99,Standard Class,4,6,1,Late delivery,Midwest_Hub_Chicago,COMPLETE,North America
10722,20222,TX,EE. UU.,Home Office,1362,Under Armour Girls' Toddler Spine Surge,Cardio Equipment,3,39.99,119.97,First Class,1,1,0,Shipping on time,EastCoast_Hub_NJ,COMPLETE,North America
10723,20223,FL,EE. UU.,Corporate,1363,O'Brien Men's Neoprene Life Vest,Water Sports,5,49.98,249.9,Standard Class,4,4,0,Shipping on time,South_Hub_Dallas,COMPLETE,North America
10724,20224,IL,EE. UU.,Consumer,1364,Pelican Sun Dolphin 5-Seat Pedal Boat,Boating,1,649.99,649.99,Standard Class,4,4,0,Shipping on time,Europe_Hub_Rotterdam,COMPLETE,North America
10725,20225,PA,EE. UU.,Home Office,1365,Diamondback Adult Response XE Mountain Bike,Shop By Sport,3,399.98,1199.94,Standard Class,4,7,1,Late delivery,Pacific_Hub_LA,COMPLETE,North America
10726,20226,OH,EE. UU.,Consumer,1366,Field & Stream Sportsman 16 Gun Fire Safe,Hunting & Shooting,3,399.99,1199.97,Second Class,2,2,0,Shipping on time,Midwest_Hub_Chicago,COMPLETE,North America
10727,20227,WA,EE. UU.,Consumer,1367,Titleist Pro V1x High Golf Balls (Dozen),Golf Balls,2,47.99,95.98,Standard Class,4,4,0,Shipping on time,EastCoast_Hub_NJ,COMPLETE,North America
10728,20228,GA,EE. UU.,Corporate,1368,Glove It Women's Urban Zoo Golf Bag,Golf Bags,3,179.99,539.97,Second Class,2,2,0,Shipping on time,South_Hub_Dallas,COMPLETE,North America
10729,20229,NC,EE. UU.,Corporate,1369,Fitbit Surge Fitness Superwatch,Fitness Accessories,2,249.95,499.9,Standard Class,4,4,0,Shipping on time,Europe_Hub_Rotterdam,COMPLETE,North America
10730,20230,CA,EE. UU.,Home Office,1360,Perfect Fitness Perfect Rip Deck,Cleats,5,59.99,299.95,Second Class,2,2,0,Shipping on time,Pacific_Hub_LA,PENDING_DISPATCH,North America
10731,20231,NY,EE. UU.,Corporate,1361,Nike Men's CJ81 Elite Football Cleat,Men's Footwear,1,129.99,129.99,Standard Class,4,4,0,Shipping on time,Midwest_Hub_Chicago,COMPLETE,North America
10732,20232,TX,EE. UU.,Consumer,1362,Under Armour Girls' Toddler Spine Surge,Cardio Equipment,5,39.99,199.95,Standard Class,4,4,0,Shipping on time,EastCoast_Hub_NJ,COMPLETE,North America
10733,20233,FL,EE. UU.,Home Office,1363,O'Brien Men's Neoprene Life Vest,Water Sports,3,49.98,149.94,Standard Class,4,7,1,Late delivery,South_Hub_Dallas,COMPLETE,North America
10734,20234,IL,EE. UU.,Consumer,1364,Pelican Sun Dolphin 5-Seat Pedal Boat,Boating,4,649.99,2599.96,Standard Class,4,6,1,Late delivery,Europe_Hub_Rotterdam,COMPLETE,North America
10735,20235,PA,EE. UU.,Corporate,1365,Diamondback Adult Response XE Mountain Bike,Shop By Sport,3,399.98,1199.94,First Class,1,5,1,Late delivery,Pacific_Hub_LA,COMPLETE,North America
10736,20236,OH,EE. UU.,Consumer,1366,Field & Stream Sportsman 16 Gun Fire Safe,Hunting & Shooting,2,399.99,799.98,Second Class,2,2,0,Shipping on time,Midwest_Hub_Chicago,COMPLETE,North America
10737,20237,WA,EE. UU.,Consumer,1367,Titleist Pro V1x High Golf Balls (Dozen),Golf Balls,3,47.99,143.97,Standard Class,4,4,0,Shipping on time,EastCoast_Hub_NJ,COMPLETE,North America
10738,20238,GA,EE. UU.,Consumer,1368,Glove It Women's Urban Zoo Golf Bag,Golf Bags,1,179.99,179.99,First Class,1,1,0,Shipping on time,South_Hub_Dallas,COMPLETE,North America
10739,20239,NC,EE. UU.,Consumer,1369,Fitbit Surge Fitness Superwatch,Fitness Accessories,3,249.95,749.85,First Class,1,1,0,Shipping on time,Europe_Hub_Rotterdam,COMPLETE,North America
10740,20240,CA,EE. UU.,Consumer,1360,Perfect Fitness Perfect Rip Deck,Cleats,1,59.99,59.99,Standard Class,4,4,0,Shipping on time,Pacific_Hub_LA,PENDING_DISPATCH,North America
10741,20241,NY,EE. UU.,Consumer,1361,Nike Men's CJ81 Elite Football Cleat,Men's Footwear,3,129.99,389.97,Second Class,2,2,0,Shipping on time,Midwest_Hub_Chicago,COMPLETE,North America
10742,20242,TX,EE. UU.,Home Office,1362,Under Armour Girls' Toddler Spine Surge,Cardio Equipment,1,39.99,39.99,Standard Class,4,4,0,Shipping on time,EastCoast_Hub_NJ,COMPLETE,North America
10743,20243,FL,EE. UU.,Consumer,1363,O'Brien Men's Neoprene Life Vest,Water Sports,5,49.98,249.9,First Class,1,5,1,Late delivery,South_Hub_Dallas,COMPLETE,North America
10744,20244,IL,EE. UU.,Corporate,1364,Pelican Sun Dolphin 5-Seat Pedal Boat,Boating,5,649.99,3249.95,Standard Class,4,4,0,Shipping on time,Europe_Hub_Rotterdam,COMPLETE,North America
10745,20245,PA,EE. UU.,Corporate,1365,Diamondback Adult Response XE Mountain Bike,Shop By Sport,4,399.98,1599.92,Standard Class,4,4,0,Shipping on time,Pacific_Hub_LA,COMPLETE,North America
10746,20246,OH,EE. UU.,Consumer,1366,Field & Stream Sportsman 16 Gun Fire Safe,Hunting & Shooting,3,399.99,1199.97,Standard Class,4,4,0,Shipping on time,Midwest_Hub_Chicago,COMPLETE,North America
10747,20247,WA,EE. UU.,Consumer,1367,Titleist Pro V1x High Golf Balls (Dozen),Golf Balls,2,47.99,95.98,Second Class,2,2,0,Shipping on time,EastCoast_Hub_NJ,COMPLETE,North America
10748,20248,GA,EE. UU.,Consumer,1368,Glove It Women's Urban Zoo Golf Bag,Golf Bags,1,179.99,179.99,Standard Class,4,5,1,Late delivery,South_Hub_Dallas,COMPLETE,North America
10749,20249,NC,EE. UU.,Consumer,1369,Fitbit Surge Fitness Superwatch,Fitness Accessories,5,249.95,1249.75,Standard Class,4,4,0,Shipping on time,Europe_Hub_Rotterdam,COMPLETE,North America
10750,20000,CA,EE. UU.,Consumer,1360,Perfect Fitness Perfect Rip Deck,Cleats,3,59.99,179.97,Standard Class,4,4,0,Shipping on time,Pacific_Hub_LA,PENDING_DISPATCH,North America
10751,20001,NY,EE. UU.,Corporate,1361,Nike Men's CJ81 Elite Football Cleat,Men's Footwear,3,129.99,389.97,Standard Class,4,6,1,Late delivery,Midwest_Hub_Chicago,COMPLETE,North America
10752,20002,TX,EE. UU.,Home Office,1362,Under Armour Girls' Toddler Spine Surge,Cardio Equipment,4,39.99,159.96,Standard Class,4,4,0,Shipping on time,EastCoast_Hub_NJ,COMPLETE,North America
10753,20003,FL,EE. UU.,Consumer,1363,O'Brien Men's Neoprene Life Vest,Water Sports,5,49.98,249.9,Standard Class,4,4,0,Shipping on time,South_Hub_Dallas,COMPLETE,North America
10754,20004,IL,EE. UU.,Consumer,1364,Pelican Sun Dolphin 5-Seat Pedal Boat,Boating,1,649.99,649.99,Standard Class,4,4,0,Shipping on time,Europe_Hub_Rotterdam,COMPLETE,North America
10755,20005,PA,EE. UU.,Consumer,1365,Diamondback Adult Response XE Mountain Bike,Shop By Sport,1,399.98,399.98,Second Class,2,2,0,Shipping on time,Pacific_Hub_LA,COMPLETE,North America
10756,20006,OH,EE. UU.,Consumer,1366,Field & Stream Sportsman 16 Gun Fire Safe,Hunting & Shooting,3,399.99,1199.97,First Class,1,2,1,Late delivery,Midwest_Hub_Chicago,COMPLETE,North America
10757,20007,WA,EE. UU.,Consumer,1367,Titleist Pro V1x High Golf Balls (Dozen),Golf Balls,4,47.99,191.96,Second Class,2,6,1,Late delivery,EastCoast_Hub_NJ,COMPLETE,North America
10758,20008,GA,EE. UU.,Home Office,1368,Glove It Women's Urban Zoo Golf Bag,Golf Bags,1,179.99,179.99,Standard Class,4,5,1,Late delivery,South_Hub_Dallas,COMPLETE,North America
10759,20009,NC,EE. UU.,Corporate,1369,Fitbit Surge Fitness Superwatch,Fitness Accessories,4,249.95,999.8,Standard Class,4,4,0,Shipping on time,Europe_Hub_Rotterdam,COMPLETE,North America
10760,20010,CA,EE. UU.,Corporate,1360,Perfect Fitness Perfect Rip Deck,Cleats,5,59.99,299.95,Second Class,2,2,0,Shipping on time,Pacific_Hub_LA,PENDING_DISPATCH,North America
10761,20011,NY,EE. UU.,Consumer,1361,Nike Men's CJ81 Elite Football Cleat,Men's Footwear,5,129.99,649.95,Second Class,2,2,0,Shipping on time,Midwest_Hub_Chicago,COMPLETE,North America
10762,20012,TX,EE. UU.,Consumer,1362,Under Armour Girls' Toddler Spine Surge,Cardio Equipment,3,39.99,119.97,Standard Class,4,4,0,Shipping on time,EastCoast_Hub_NJ,COMPLETE,North America
10763,20013,FL,EE. UU.,Home Office,1363,O'Brien Men's Neoprene Life Vest,Water Sports,2,49.98,99.96,Second Class,2,2,0,Shipping on time,South_Hub_Dallas,COMPLETE,North America
10764,20014,IL,EE. UU.,Consumer,1364,Pelican Sun Dolphin 5-Seat Pedal Boat,Boating,2,649.99,1299.98,Second Class,2,2,0,Shipping on time,Europe_Hub_Rotterdam,COMPLETE,North America
10765,20015,PA,EE. UU.,Corporate,1365,Diamondback Adult Response XE Mountain Bike,Shop By Sport,1,399.98,399.98,Second Class,2,2,0,Shipping on time,Pacific_Hub_LA,COMPLETE,North America
10766,20016,OH,EE. UU.,Consumer,1366,Field & Stream Sportsman 16 Gun Fire Safe,Hunting & Shooting,3,399.99,1199.97,Standard Class,4,7,1,Late delivery,Midwest_Hub_Chicago,COMPLETE,North America
10767,20017,WA,EE. UU.,Consumer,1367,Titleist Pro V1x High Golf Balls (Dozen),Golf Balls,4,47.99,191.96,Second Class,2,2,0,Shipping on time,EastCoast_Hub_NJ,COMPLETE,North America
10768,20018,GA,EE. UU.,Corporate,1368,Glove It Women's Urban Zoo Golf Bag,Golf Bags,1,179.99,179.99,Second Class,2,2,0,Shipping on time,South_Hub_Dallas,COMPLETE,North America
10769,20019,NC,EE. UU.,Consumer,1369,Fitbit Surge Fitness Superwatch,Fitness Accessories,3,249.95,749.85,Standard Class,4,4,0,Shipping on time,Europe_Hub_Rotterdam,COMPLETE,North America
10770,20020,CA,EE. UU.,Home Office,1360,Perfect Fitness Perfect Rip Deck,Cleats,5,59.99,299.95,Second Class,2,2,0,Shipping on time,Pacific_Hub_LA,PENDING_DISPATCH,North America
10771,20021,NY,EE. UU.,Corporate,1361,Nike Men's CJ81 Elite Football Cleat,Men's Footwear,1,129.99,129.99,Second Class,2,2,0,Shipping on time,Midwest_Hub_Chicago,COMPLETE,North America
10772,20022,TX,EE. UU.,Consumer,1362,Under Armour Girls' Toddler Spine Surge,Cardio Equipment,3,39.99,119.97,Second Class,2,2,0,Shipping on time,EastCoast_Hub_NJ,COMPLETE,North America
10773,20023,FL,EE. UU.,Consumer,1363,O'Brien Men's Neoprene Life Vest,Water Sports,4,49.98,199.92,Standard Class,4,5,1,Late delivery,South_Hub_Dallas,COMPLETE,North America
10774,20024,IL,EE. UU.,Consumer,1364,Pelican Sun Dolphin 5-Seat Pedal Boat,Boating,4,649.99,2599.96,Second Class,2,4,1,Late delivery,Europe_Hub_Rotterdam,COMPLETE,North America
10775,20025,PA,EE. UU.,Consumer,1365,Diamondback Adult Response XE Mountain Bike,Shop By Sport,1,399.98,399.98,First Class,1,1,0,Shipping on time,Pacific_Hub_LA,COMPLETE,North America
10776,20026,OH,EE. UU.,Consumer,1366,Field & Stream Sportsman 16 Gun Fire Safe,Hunting & Shooting,1,399.99,399.99,Standard Class,4,4,0,Shipping on time,Midwest_Hub_Chicago,COMPLETE,North America
10777,20027,WA,EE. UU.,Consumer,1367,Titleist Pro V1x High Golf Balls (Dozen),Golf Balls,4,47.99,191.96,Standard Class,4,4,0,Shipping on time,EastCoast_Hub_NJ,COMPLETE,North America
10778,20028,GA,EE. UU.,Home Office,1368,Glove It Women's Urban Zoo Golf Bag,Golf Bags,3,179.99,539.97,Second Class,2,6,1,Late delivery,South_Hub_Dallas,COMPLETE,North America
10779,20029,NC,EE. UU.,Consumer,1369,Fitbit Surge Fitness Superwatch,Fitness Accessories,5,249.95,1249.75,Second Class,2,2,0,Shipping on time,Europe_Hub_Rotterdam,COMPLETE,North America
10780,20030,CA,EE. UU.,Consumer,1360,Perfect Fitness Perfect Rip Deck,Cleats,5,59.99,299.95,Second Class,2,6,1,Late delivery,Pacific_Hub_LA,PENDING_DISPATCH,North America
10781,20031,NY,EE. UU.,Corporate,1361,Nike Men's CJ81 Elite Football Cleat,Men's Footwear,3,129.99,389.97,First Class,1,1,0,Shipping on time,Midwest_Hub_Chicago,COMPLETE,North America
10782,20032,TX,EE. UU.,Consumer,1362,Under Armour Girls' Toddler Spine Surge,Cardio Equipment,3,39.99,119.97,Second Class,2,2,0,Shipping on time,EastCoast_Hub_NJ,COMPLETE,North America
10783,20033,FL,EE. UU.,Consumer,1363,O'Brien Men's Neoprene Life Vest,Water Sports,4,49.98,199.92,Second Class,2,2,0,Shipping on time,South_Hub_Dallas,COMPLETE,North America
10784,20034,IL,EE. UU.,Consumer,1364,Pelican Sun Dolphin 5-Seat Pedal Boat,Boating,1,649.99,649.99,Standard Class,4,6,1,Late delivery,Europe_Hub_Rotterdam,COMPLETE,North America
10785,20035,PA,EE. UU.,Consumer,1365,Diamondback Adult Response XE Mountain Bike,Shop By Sport,3,399.98,1199.94,Standard Class,4,4,0,Shipping on time,Pacific_Hub_LA,COMPLETE,North America
10786,20036,OH,EE. UU.,Consumer,1366,Field & Stream Sportsman 16 Gun Fire Safe,Hunting & Shooting,4,399.99,1599.96,Standard Class,4,4,0,Shipping on time,Midwest_Hub_Chicago,COMPLETE,North America
10787,20037,WA,EE. UU.,Corporate,1367,Titleist Pro V1x High Golf Balls (Dozen),Golf Balls,2,47.99,95.98,Second Class,2,2,0,Shipping on time,EastCoast_Hub_NJ,COMPLETE,North America
10788,20038,GA,EE. UU.,Consumer,1368,Glove It Women's Urban Zoo Golf Bag,Golf Bags,5,179.99,899.95,Second Class,2,2,0,Shipping on time,South_Hub_Dallas,COMPLETE,North America
10789,20039,NC,EE. UU.,Consumer,1369,Fitbit Surge Fitness Superwatch,Fitness Accessories,3,249.95,749.85,Standard Class,4,4,0,Shipping on time,Europe_Hub_Rotterdam,COMPLETE,North America
10790,20040,CA,EE. UU.,Corporate,1360,Perfect Fitness Perfect Rip Deck,Cleats,3,59.99,179.97,Standard Class,4,4,0,Shipping on time,Pacific_Hub_LA,PENDING_DISPATCH,North America
10791,20041,NY,EE. UU.,Consumer,1361,Nike Men's CJ81 Elite Football Cleat,Men's Footwear,3,129.99,389.97,First Class,1,5,1,Late delivery,Midwest_Hub_Chicago,COMPLETE,North America
10792,20042,TX,EE. UU.,Consumer,1362,Under Armour Girls' Toddler Spine Surge,Cardio Equipment,4,39.99,159.96,Standard Class,4,8,1,Late delivery,EastCoast_Hub_NJ,COMPLETE,North America
10793,20043,FL,EE. UU.,Corporate,1363,O'Brien Men's Neoprene Life Vest,Water Sports,1,49.98,49.98,Standard Class,4,4,0,Shipping on time,South_Hub_Dallas,COMPLETE,North America
10794,20044,IL,EE. UU.,Corporate,1364,Pelican Sun Dolphin 5-Seat Pedal Boat,Boating,3,649.99,1949.97,Standard Class,4,5,1,Late delivery,Europe_Hub_Rotterdam,COMPLETE,North America
10795,20045,PA,EE. UU.,Consumer,1365,Diamondback Adult Response XE Mountain Bike,Shop By Sport,2,399.98,799.96,Standard Class,4,6,1,Late delivery,Pacific_Hub_LA,COMPLETE,North America
10796,20046,OH,EE. UU.,Consumer,1366,Field & Stream Sportsman 16 Gun Fire Safe,Hunting & Shooting,3,399.99,1199.97,Standard Class,4,8,1,Late delivery,Midwest_Hub_Chicago,COMPLETE,North America
10797,20047,WA,EE. UU.,Home Office,1367,Titleist Pro V1x High Golf Balls (Dozen),Golf Balls,5,47.99,239.95,Second Class,2,2,0,Shipping on time,EastCoast_Hub_NJ,COMPLETE,North America
10798,20048,GA,EE. UU.,Consumer,1368,Glove It Women's Urban Zoo Golf Bag,Golf Bags,5,179.99,899.95,Standard Class,4,4,0,Shipping on time,South_Hub_Dallas,COMPLETE,North America
10799,20049,NC,EE. UU.,Home Office,1369,Fitbit Surge Fitness Superwatch,Fitness Accessories,5,249.95,1249.75,Standard Class,4,4,0,Shipping on time,Europe_Hub_Rotterdam,COMPLETE,North America
10800,20050,CA,EE. UU.,Consumer,1360,Perfect Fitness Perfect Rip Deck,Cleats,4,59.99,239.96,Standard Class,4,4,0,Shipping on time,Pacific_Hub_LA,PENDING_DISPATCH,North America
10801,20051,NY,EE. UU.,Home Office,1361,Nike Men's CJ81 Elite Football Cleat,Men's Footwear,4,129.99,519.96,Same Day,0,3,1,Late delivery,Midwest_Hub_Chicago,COMPLETE,North America
10802,20052,TX,EE. UU.,Corporate,1362,Under Armour Girls' Toddler Spine Surge,Cardio Equipment,2,39.99,79.98,Second Class,2,5,1,Late delivery,EastCoast_Hub_NJ,COMPLETE,North America
10803,20053,FL,EE. UU.,Consumer,1363,O'Brien Men's Neoprene Life Vest,Water Sports,1,49.98,49.98,Standard Class,4,7,1,Late delivery,South_Hub_Dallas,COMPLETE,North America
10804,20054,IL,EE. UU.,Home Office,1364,Pelican Sun Dolphin 5-Seat Pedal Boat,Boating,2,649.99,1299.98,Standard Class,4,4,0,Shipping on time,Europe_Hub_Rotterdam,COMPLETE,North America
10805,20055,PA,EE. UU.,Consumer,1365,Diamondback Adult Response XE Mountain Bike,Shop By Sport,5,399.98,1999.9,Standard Class,4,5,1,Late delivery,Pacific_Hub_LA,COMPLETE,North America
10806,20056,OH,EE. UU.,Corporate,1366,Field & Stream Sportsman 16 Gun Fire Safe,Hunting & Shooting,4,399.99,1599.96,Standard Class,4,4,0,Shipping on time,Midwest_Hub_Chicago,COMPLETE,North America
10807,20057,WA,EE. UU.,Consumer,1367,Titleist Pro V1x High Golf Balls (Dozen),Golf Balls,3,47.99,143.97,Second Class,2,2,0,Shipping on time,EastCoast_Hub_NJ,COMPLETE,North America
10808,20058,GA,EE. UU.,Corporate,1368,Glove It Women's Urban Zoo Golf Bag,Golf Bags,2,179.99,359.98,Standard Class,4,4,0,Shipping on time,South_Hub_Dallas,COMPLETE,North America
10809,20059,NC,EE. UU.,Consumer,1369,Fitbit Surge Fitness Superwatch,Fitness Accessories,4,249.95,999.8,Standard Class,4,6,1,Late delivery,Europe_Hub_Rotterdam,COMPLETE,North America
10810,20060,CA,EE. UU.,Corporate,1360,Perfect Fitness Perfect Rip Deck,Cleats,4,59.99,239.96,Same Day,0,1,1,Late delivery,Pacific_Hub_LA,PENDING_DISPATCH,North America
10811,20061,NY,EE. UU.,Consumer,1361,Nike Men's CJ81 Elite Football Cleat,Men's Footwear,5,129.99,649.95,Standard Class,4,4,0,Shipping on time,Midwest_Hub_Chicago,COMPLETE,North America
10812,20062,TX,EE. UU.,Home Office,1362,Under Armour Girls' Toddler Spine Surge,Cardio Equipment,1,39.99,39.99,Second Class,2,2,0,Shipping on time,EastCoast_Hub_NJ,COMPLETE,North America
10813,20063,FL,EE. UU.,Home Office,1363,O'Brien Men's Neoprene Life Vest,Water Sports,5,49.98,249.9,Second Class,2,3,1,Late delivery,South_Hub_Dallas,COMPLETE,North America
10814,20064,IL,EE. UU.,Consumer,1364,Pelican Sun Dolphin 5-Seat Pedal Boat,Boating,4,649.99,2599.96,Standard Class,4,7,1,Late delivery,Europe_Hub_Rotterdam,COMPLETE,North America
10815,20065,PA,EE. UU.,Home Office,1365,Diamondback Adult Response XE Mountain Bike,Shop By Sport,2,399.98,799.96,First Class,1,1,0,Shipping on time,Pacific_Hub_LA,COMPLETE,North America
10816,20066,OH,EE. UU.,Consumer,1366,Field & Stream Sportsman 16 Gun Fire Safe,Hunting & Shooting,2,399.99,799.98,Standard Class,4,4,0,Shipping on time,Midwest_Hub_Chicago,COMPLETE,North America
10817,20067,WA,EE. UU.,Corporate,1367,Titleist Pro V1x High Golf Balls (Dozen),Golf Balls,5,47.99,239.95,Standard Class,4,4,0,Shipping on time,EastCoast_Hub_NJ,COMPLETE,North America
10818,20068,GA,EE. UU.,Corporate,1368,Glove It Women's Urban Zoo Golf Bag,Golf Bags,3,179.99,539.97,Standard Class,4,4,0,Shipping on time,South_Hub_Dallas,COMPLETE,North America
10819,20069,NC,EE. UU.,Corporate,1369,Fitbit Surge Fitness Superwatch,Fitness Accessories,2,249.95,499.9,First Class,1,1,0,Shipping on time,Europe_Hub_Rotterdam,COMPLETE,North America
10820,20070,CA,EE. UU.,Corporate,1360,Perfect Fitness Perfect Rip Deck,Cleats,1,59.99,59.99,Second Class,2,2,0,Shipping on time,Pacific_Hub_LA,PENDING_DISPATCH,North America
10821,20071,NY,EE. UU.,Consumer,1361,Nike Men's CJ81 Elite Football Cleat,Men's Footwear,4,129.99,519.96,Second Class,2,2,0,Shipping on time,Midwest_Hub_Chicago,COMPLETE,North America
10822,20072,TX,EE. UU.,Consumer,1362,Under Armour Girls' Toddler Spine Surge,Cardio Equipment,5,39.99,199.95,Second Class,2,5,1,Late delivery,EastCoast_Hub_NJ,COMPLETE,North America
10823,20073,FL,EE. UU.,Corporate,1363,O'Brien Men's Neoprene Life Vest,Water Sports,2,49.98,99.96,Standard Class,4,5,1,Late delivery,South_Hub_Dallas,COMPLETE,North America
10824,20074,IL,EE. UU.,Corporate,1364,Pelican Sun Dolphin 5-Seat Pedal Boat,Boating,4,649.99,2599.96,First Class,1,1,0,Shipping on time,Europe_Hub_Rotterdam,COMPLETE,North America
10825,20075,PA,EE. UU.,Consumer,1365,Diamondback Adult Response XE Mountain Bike,Shop By Sport,5,399.98,1999.9,Standard Class,4,4,0,Shipping on time,Pacific_Hub_LA,COMPLETE,North America
10826,20076,OH,EE. UU.,Corporate,1366,Field & Stream Sportsman 16 Gun Fire Safe,Hunting & Shooting,3,399.99,1199.97,Same Day,0,3,1,Late delivery,Midwest_Hub_Chicago,COMPLETE,North America
10827,20077,WA,EE. UU.,Consumer,1367,Titleist Pro V1x High Golf Balls (Dozen),Golf Balls,5,47.99,239.95,Standard Class,4,4,0,Shipping on time,EastCoast_Hub_NJ,COMPLETE,North America
10828,20078,GA,EE. UU.,Consumer,1368,Glove It Women's Urban Zoo Golf Bag,Golf Bags,2,179.99,359.98,Standard Class,4,8,1,Late delivery,South_Hub_Dallas,COMPLETE,North America
10829,20079,NC,EE. UU.,Corporate,1369,Fitbit Surge Fitness Superwatch,Fitness Accessories,4,249.95,999.8,Standard Class,4,4,0,Shipping on time,Europe_Hub_Rotterdam,COMPLETE,North America
10830,20080,CA,EE. UU.,Corporate,1360,Perfect Fitness Perfect Rip Deck,Cleats,4,59.99,239.96,Second Class,2,2,0,Shipping on time,Pacific_Hub_LA,PENDING_DISPATCH,North America
10831,20081,NY,EE. UU.,Consumer,1361,Nike Men's CJ81 Elite Football Cleat,Men's Footwear,4,129.99,519.96,Standard Class,4,4,0,Shipping on time,Midwest_Hub_Chicago,COMPLETE,North America
10832,20082,TX,EE. UU.,Consumer,1362,Under Armour Girls' Toddler Spine Surge,Cardio Equipment,5,39.99,199.95,Standard Class,4,4,0,Shipping on time,EastCoast_Hub_NJ,COMPLETE,North America
10833,20083,FL,EE. UU.,Consumer,1363,O'Brien Men's Neoprene Life Vest,Water Sports,1,49.98,49.98,Standard Class,4,7,1,Late delivery,South_Hub_Dallas,COMPLETE,North America
10834,20084,IL,EE. UU.,Corporate,1364,Pelican Sun Dolphin 5-Seat Pedal Boat,Boating,5,649.99,3249.95,Second Class,2,2,0,Shipping on time,Europe_Hub_Rotterdam,COMPLETE,North America
10835,20085,PA,EE. UU.,Consumer,1365,Diamondback Adult Response XE Mountain Bike,Shop By Sport,5,399.98,1999.9,Standard Class,4,4,0,Shipping on time,Pacific_Hub_LA,COMPLETE,North America
10836,20086,OH,EE. UU.,Consumer,1366,Field & Stream Sportsman 16 Gun Fire Safe,Hunting & Shooting,1,399.99,399.99,Second Class,2,2,0,Shipping on time,Midwest_Hub_Chicago,COMPLETE,North America
10837,20087,WA,EE. UU.,Consumer,1367,Titleist Pro V1x High Golf Balls (Dozen),Golf Balls,5,47.99,239.95,Standard Class,4,4,0,Shipping on time,EastCoast_Hub_NJ,COMPLETE,North America
10838,20088,GA,EE. UU.,Corporate,1368,Glove It Women's Urban Zoo Golf Bag,Golf Bags,2,179.99,359.98,Second Class,2,2,0,Shipping on time,South_Hub_Dallas,COMPLETE,North America
10839,20089,NC,EE. UU.,Corporate,1369,Fitbit Surge Fitness Superwatch,Fitness Accessories,5,249.95,1249.75,Same Day,0,0,0,Shipping on time,Europe_Hub_Rotterdam,COMPLETE,North America
10840,20090,CA,EE. UU.,Consumer,1360,Perfect Fitness Perfect Rip Deck,Cleats,4,59.99,239.96,Standard Class,4,4,0,Shipping on time,Pacific_Hub_LA,PENDING_DISPATCH,North America
10841,20091,NY,EE. UU.,Corporate,1361,Nike Men's CJ81 Elite Football Cleat,Men's Footwear,5,129.99,649.95,Second Class,2,2,0,Shipping on time,Midwest_Hub_Chicago,COMPLETE,North America
10842,20092,TX,EE. UU.,Consumer,1362,Under Armour Girls' Toddler Spine Surge,Cardio Equipment,5,39.99,199.95,Second Class,2,4,1,Late delivery,EastCoast_Hub_NJ,COMPLETE,North America
10843,20093,FL,EE. UU.,Consumer,1363,O'Brien Men's Neoprene Life Vest,Water Sports,3,49.98,149.94,Standard Class,4,4,0,Shipping on time,South_Hub_Dallas,COMPLETE,North America
10844,20094,IL,EE. UU.,Consumer,1364,Pelican Sun Dolphin 5-Seat Pedal Boat,Boating,2,649.99,1299.98,First Class,1,1,0,Shipping on time,Europe_Hub_Rotterdam,COMPLETE,North America
10845,20095,PA,EE. UU.,Consumer,1365,Diamondback Adult Response XE Mountain Bike,Shop By Sport,5,399.98,1999.9,Standard Class,4,4,0,Shipping on time,Pacific_Hub_LA,COMPLETE,North America
10846,20096,OH,EE. UU.,Corporate,1366,Field & Stream Sportsman 16 Gun Fire Safe,Hunting & Shooting,3,399.99,1199.97,Standard Class,4,4,0,Shipping on time,Midwest_Hub_Chicago,COMPLETE,North America
10847,20097,WA,EE. UU.,Consumer,1367,Titleist Pro V1x High Golf Balls (Dozen),Golf Balls,3,47.99,143.97,First Class,1,1,0,Shipping on time,EastCoast_Hub_NJ,COMPLETE,North America
10848,20098,GA,EE. UU.,Consumer,1368,Glove It Women's Urban Zoo Golf Bag,Golf Bags,4,179.99,719.96,Second Class,2,2,0,Shipping on time,South_Hub_Dallas,COMPLETE,North America
10849,20099,NC,EE. UU.,Corporate,1369,Fitbit Surge Fitness Superwatch,Fitness Accessories,2,249.95,499.9,Standard Class,4,4,0,Shipping on time,Europe_Hub_Rotterdam,COMPLETE,North America
10850,20100,CA,EE. UU.,Consumer,1360,Perfect Fitness Perfect Rip Deck,Cleats,2,59.99,119.98,Second Class,2,2,0,Shipping on time,Pacific_Hub_LA,PENDING_DISPATCH,North America
10851,20101,NY,EE. UU.,Home Office,1361,Nike Men's CJ81 Elite Football Cleat,Men's Footwear,3,129.99,389.97,Standard Class,4,4,0,Shipping on time,Midwest_Hub_Chicago,COMPLETE,North America
10852,20102,TX,EE. UU.,Home Office,1362,Under Armour Girls' Toddler Spine Surge,Cardio Equipment,3,39.99,119.97,First Class,1,1,0,Shipping on time,EastCoast_Hub_NJ,COMPLETE,North America
10853,20103,FL,EE. UU.,Consumer,1363,O'Brien Men's Neoprene Life Vest,Water Sports,1,49.98,49.98,Standard Class,4,6,1,Late delivery,South_Hub_Dallas,COMPLETE,North America
10854,20104,IL,EE. UU.,Consumer,1364,Pelican Sun Dolphin 5-Seat Pedal Boat,Boating,4,649.99,2599.96,Standard Class,4,4,0,Shipping on time,Europe_Hub_Rotterdam,COMPLETE,North America
10855,20105,PA,EE. UU.,Corporate,1365,Diamondback Adult Response XE Mountain Bike,Shop By Sport,2,399.98,799.96,Same Day,0,0,0,Shipping on time,Pacific_Hub_LA,COMPLETE,North America
10856,20106,OH,EE. UU.,Consumer,1366,Field & Stream Sportsman 16 Gun Fire Safe,Hunting & Shooting,1,399.99,399.99,Standard Class,4,4,0,Shipping on time,Midwest_Hub_Chicago,COMPLETE,North America
10857,20107,WA,EE. UU.,Consumer,1367,Titleist Pro V1x High Golf Balls (Dozen),Golf Balls,4,47.99,191.96,First Class,1,1,0,Shipping on time,EastCoast_Hub_NJ,COMPLETE,North America
10858,20108,GA,EE. UU.,Corporate,1368,Glove It Women's Urban Zoo Golf Bag,Golf Bags,2,179.99,359.98,Second Class,2,2,0,Shipping on time,South_Hub_Dallas,COMPLETE,North America
10859,20109,NC,EE. UU.,Consumer,1369,Fitbit Surge Fitness Superwatch,Fitness Accessories,4,249.95,999.8,Standard Class,4,4,0,Shipping on time,Europe_Hub_Rotterdam,COMPLETE,North America
10860,20110,CA,EE. UU.,Consumer,1360,Perfect Fitness Perfect Rip Deck,Cleats,5,59.99,299.95,Standard Class,4,4,0,Shipping on time,Pacific_Hub_LA,PENDING_DISPATCH,North America
10861,20111,NY,EE. UU.,Corporate,1361,Nike Men's CJ81 Elite Football Cleat,Men's Footwear,2,129.99,259.98,Standard Class,4,7,1,Late delivery,Midwest_Hub_Chicago,COMPLETE,North America
10862,20112,TX,EE. UU.,Home Office,1362,Under Armour Girls' Toddler Spine Surge,Cardio Equipment,1,39.99,39.99,Standard Class,4,4,0,Shipping on time,EastCoast_Hub_NJ,COMPLETE,North America
10863,20113,FL,EE. UU.,Consumer,1363,O'Brien Men's Neoprene Life Vest,Water Sports,1,49.98,49.98,First Class,1,3,1,Late delivery,South_Hub_Dallas,COMPLETE,North America
10864,20114,IL,EE. UU.,Consumer,1364,Pelican Sun Dolphin 5-Seat Pedal Boat,Boating,2,649.99,1299.98,Second Class,2,2,0,Shipping on time,Europe_Hub_Rotterdam,COMPLETE,North America
10865,20115,PA,EE. UU.,Consumer,1365,Diamondback Adult Response XE Mountain Bike,Shop By Sport,4,399.98,1599.92,Second Class,2,2,0,Shipping on time,Pacific_Hub_LA,COMPLETE,North America
10866,20116,OH,EE. UU.,Home Office,1366,Field & Stream Sportsman 16 Gun Fire Safe,Hunting & Shooting,3,399.99,1199.97,Same Day,0,1,1,Late delivery,Midwest_Hub_Chicago,COMPLETE,North America
10867,20117,WA,EE. UU.,Home Office,1367,Titleist Pro V1x High Golf Balls (Dozen),Golf Balls,3,47.99,143.97,Second Class,2,2,0,Shipping on time,EastCoast_Hub_NJ,COMPLETE,North America
10868,20118,GA,EE. UU.,Consumer,1368,Glove It Women's Urban Zoo Golf Bag,Golf Bags,4,179.99,719.96,Standard Class,4,5,1,Late delivery,South_Hub_Dallas,COMPLETE,North America
10869,20119,NC,EE. UU.,Consumer,1369,Fitbit Surge Fitness Superwatch,Fitness Accessories,3,249.95,749.85,Standard Class,4,6,1,Late delivery,Europe_Hub_Rotterdam,COMPLETE,North America
10870,20120,CA,EE. UU.,Consumer,1360,Perfect Fitness Perfect Rip Deck,Cleats,2,59.99,119.98,Standard Class,4,4,0,Shipping on time,Pacific_Hub_LA,PENDING_DISPATCH,North America
10871,20121,NY,EE. UU.,Corporate,1361,Nike Men's CJ81 Elite Football Cleat,Men's Footwear,4,129.99,519.96,Same Day,0,4,1,Late delivery,Midwest_Hub_Chicago,COMPLETE,North America
10872,20122,TX,EE. UU.,Consumer,1362,Under Armour Girls' Toddler Spine Surge,Cardio Equipment,1,39.99,39.99,Second Class,2,5,1,Late delivery,EastCoast_Hub_NJ,COMPLETE,North America
10873,20123,FL,EE. UU.,Corporate,1363,O'Brien Men's Neoprene Life Vest,Water Sports,3,49.98,149.94,Second Class,2,2,0,Shipping on time,South_Hub_Dallas,COMPLETE,North America
10874,20124,IL,EE. UU.,Corporate,1364,Pelican Sun Dolphin 5-Seat Pedal Boat,Boating,1,649.99,649.99,Second Class,2,2,0,Shipping on time,Europe_Hub_Rotterdam,COMPLETE,North America
10875,20125,PA,EE. UU.,Consumer,1365,Diamondback Adult Response XE Mountain Bike,Shop By Sport,2,399.98,799.96,First Class,1,1,0,Shipping on time,Pacific_Hub_LA,COMPLETE,North America
10876,20126,OH,EE. UU.,Consumer,1366,Field & Stream Sportsman 16 Gun Fire Safe,Hunting & Shooting,1,399.99,399.99,Standard Class,4,4,0,Shipping on time,Midwest_Hub_Chicago,COMPLETE,North America
10877,20127,WA,EE. UU.,Consumer,1367,Titleist Pro V1x High Golf Balls (Dozen),Golf Balls,5,47.99,239.95,Standard Class,4,6,1,Late delivery,EastCoast_Hub_NJ,COMPLETE,North America
10878,20128,GA,EE. UU.,Consumer,1368,Glove It Women's Urban Zoo Golf Bag,Golf Bags,5,179.99,899.95,First Class,1,4,1,Late delivery,South_Hub_Dallas,COMPLETE,North America
10879,20129,NC,EE. UU.,Corporate,1369,Fitbit Surge Fitness Superwatch,Fitness Accessories,2,249.95,499.9,Standard Class,4,4,0,Shipping on time,Europe_Hub_Rotterdam,COMPLETE,North America
10880,20130,CA,EE. UU.,Corporate,1360,Perfect Fitness Perfect Rip Deck,Cleats,1,59.99,59.99,Second Class,2,2,0,Shipping on time,Pacific_Hub_LA,PENDING_DISPATCH,North America
10881,20131,NY,EE. UU.,Corporate,1361,Nike Men's CJ81 Elite Football Cleat,Men's Footwear,3,129.99,389.97,Standard Class,4,4,0,Shipping on time,Midwest_Hub_Chicago,COMPLETE,North America
10882,20132,TX,EE. UU.,Corporate,1362,Under Armour Girls' Toddler Spine Surge,Cardio Equipment,1,39.99,39.99,First Class,1,1,0,Shipping on time,EastCoast_Hub_NJ,COMPLETE,North America
10883,20133,FL,EE. UU.,Consumer,1363,O'Brien Men's Neoprene Life Vest,Water Sports,3,49.98,149.94,Standard Class,4,8,1,Late delivery,South_Hub_Dallas,COMPLETE,North America
10884,20134,IL,EE. UU.,Corporate,1364,Pelican Sun Dolphin 5-Seat Pedal Boat,Boating,2,649.99,1299.98,Standard Class,4,4,0,Shipping on time,Europe_Hub_Rotterdam,COMPLETE,North America
10885,20135,PA,EE. UU.,Consumer,1365,Diamondback Adult Response XE Mountain Bike,Shop By Sport,1,399.98,399.98,Second Class,2,2,0,Shipping on time,Pacific_Hub_LA,COMPLETE,North America
10886,20136,OH,EE. UU.,Consumer,1366,Field & Stream Sportsman 16 Gun Fire Safe,Hunting & Shooting,5,399.99,1999.95,Standard Class,4,7,1,Late delivery,Midwest_Hub_Chicago,COMPLETE,North America
10887,20137,WA,EE. UU.,Corporate,1367,Titleist Pro V1x High Golf Balls (Dozen),Golf Balls,1,47.99,47.99,Standard Class,4,4,0,Shipping on time,EastCoast_Hub_NJ,COMPLETE,North America
10888,20138,GA,EE. UU.,Corporate,1368,Glove It Women's Urban Zoo Golf Bag,Golf Bags,2,179.99,359.98,Second Class,2,6,1,Late delivery,South_Hub_Dallas,COMPLETE,North America
10889,20139,NC,EE. UU.,Consumer,1369,Fitbit Surge Fitness Superwatch,Fitness Accessories,5,249.95,1249.75,Standard Class,4,4,0,Shipping on time,Europe_Hub_Rotterdam,COMPLETE,North America
10890,20140,CA,EE. UU.,Consumer,1360,Perfect Fitness Perfect Rip Deck,Cleats,1,59.99,59.99,Standard Class,4,4,0,Shipping on time,Pacific_Hub_LA,PENDING_DISPATCH,North America
10891,20141,NY,EE. UU.,Consumer,1361,Nike Men's CJ81 Elite Football Cleat,Men's Footwear,3,129.99,389.97,Standard Class,4,6,1,Late delivery,Midwest_Hub_Chicago,COMPLETE,North America
10892,20142,TX,EE. UU.,Home Office,1362,Under Armour Girls' Toddler Spine Surge,Cardio Equipment,5,39.99,199.95,Standard Class,4,4,0,Shipping on time,EastCoast_Hub_NJ,COMPLETE,North America
10893,20143,FL,EE. UU.,Consumer,1363,O'Brien Men's Neoprene Life Vest,Water Sports,5,49.98,249.9,First Class,1,1,0,Shipping on time,South_Hub_Dallas,COMPLETE,North America
10894,20144,IL,EE. UU.,Corporate,1364,Pelican Sun Dolphin 5-Seat Pedal Boat,Boating,3,649.99,1949.97,Standard Class,4,4,0,Shipping on time,Europe_Hub_Rotterdam,COMPLETE,North America
10895,20145,PA,EE. UU.,Corporate,1365,Diamondback Adult Response XE Mountain Bike,Shop By Sport,4,399.98,1599.92,Standard Class,4,4,0,Shipping on time,Pacific_Hub_LA,COMPLETE,North America
10896,20146,OH,EE. UU.,Consumer,1366,Field & Stream Sportsman 16 Gun Fire Safe,Hunting & Shooting,5,399.99,1999.95,Standard Class,4,4,0,Shipping on time,Midwest_Hub_Chicago,COMPLETE,North America
10897,20147,WA,EE. UU.,Corporate,1367,Titleist Pro V1x High Golf Balls (Dozen),Golf Balls,2,47.99,95.98,Standard Class,4,4,0,Shipping on time,EastCoast_Hub_NJ,COMPLETE,North America
10898,20148,GA,EE. UU.,Consumer,1368,Glove It Women's Urban Zoo Golf Bag,Golf Bags,5,179.99,899.95,Standard Class,4,5,1,Late delivery,South_Hub_Dallas,COMPLETE,North America
10899,20149,NC,EE. UU.,Consumer,1369,Fitbit Surge Fitness Superwatch,Fitness Accessories,4,249.95,999.8,Standard Class,4,4,0,Shipping on time,Europe_Hub_Rotterdam,COMPLETE,North America
10900,20150,CA,EE. UU.,Consumer,1360,Perfect Fitness Perfect Rip Deck,Cleats,3,59.99,179.97,Second Class,2,2,0,Shipping on time,Pacific_Hub_LA,PENDING_DISPATCH,North America
10901,20151,NY,EE. UU.,Corporate,1361,Nike Men's CJ81 Elite Football Cleat,Men's Footwear,1,129.99,129.99,Same Day,0,0,0,Shipping on time,Midwest_Hub_Chicago,COMPLETE,North America
10902,20152,TX,EE. UU.,Consumer,1362,Under Armour Girls' Toddler Spine Surge,Cardio Equipment,4,39.99,159.96,Second Class,2,2,0,Shipping on time,EastCoast_Hub_NJ,COMPLETE,North America
10903,20153,FL,EE. UU.,Consumer,1363,O'Brien Men's Neoprene Life Vest,Water Sports,4,49.98,199.92,Standard Class,4,4,0,Shipping on time,South_Hub_Dallas,COMPLETE,North America
10904,20154,IL,EE. UU.,Consumer,1364,Pelican Sun Dolphin 5-Seat Pedal Boat,Boating,4,649.99,2599.96,Standard Class,4,4,0,Shipping on time,Europe_Hub_Rotterdam,COMPLETE,North America
10905,20155,PA,EE. UU.,Corporate,1365,Diamondback Adult Response XE Mountain Bike,Shop By Sport,4,399.98,1599.92,Standard Class,4,4,0,Shipping on time,Pacific_Hub_LA,COMPLETE,North America
10906,20156,OH,EE. UU.,Consumer,1366,Field & Stream Sportsman 16 Gun Fire Safe,Hunting & Shooting,1,399.99,399.99,Standard Class,4,4,0,Shipping on time,Midwest_Hub_Chicago,COMPLETE,North America
10907,20157,WA,EE. UU.,Consumer,1367,Titleist Pro V1x High Golf Balls (Dozen),Golf Balls,3,47.99,143.97,Second Class,2,2,0,Shipping on time,EastCoast_Hub_NJ,COMPLETE,North America
10908,20158,GA,EE. UU.,Consumer,1368,Glove It Women's Urban Zoo Golf Bag,Golf Bags,2,179.99,359.98,Same Day,0,0,0,Shipping on time,South_Hub_Dallas,COMPLETE,North America
10909,20159,NC,EE. UU.,Consumer,1369,Fitbit Surge Fitness Superwatch,Fitness Accessories,3,249.95,749.85,Standard Class,4,5,1,Late delivery,Europe_Hub_Rotterdam,COMPLETE,North America
10910,20160,CA,EE. UU.,Corporate,1360,Perfect Fitness Perfect Rip Deck,Cleats,5,59.99,299.95,Standard Class,4,4,0,Shipping on time,Pacific_Hub_LA,PENDING_DISPATCH,North America
10911,20161,NY,EE. UU.,Corporate,1361,Nike Men's CJ81 Elite Football Cleat,Men's Footwear,2,129.99,259.98,Standard Class,4,5,1,Late delivery,Midwest_Hub_Chicago,COMPLETE,North America
10912,20162,TX,EE. UU.,Corporate,1362,Under Armour Girls' Toddler Spine Surge,Cardio Equipment,2,39.99,79.98,First Class,1,1,0,Shipping on time,EastCoast_Hub_NJ,COMPLETE,North America
10913,20163,FL,EE. UU.,Consumer,1363,O'Brien Men's Neoprene Life Vest,Water Sports,1,49.98,49.98,Second Class,2,2,0,Shipping on time,South_Hub_Dallas,COMPLETE,North America
10914,20164,IL,EE. UU.,Consumer,1364,Pelican Sun Dolphin 5-Seat Pedal Boat,Boating,1,649.99,649.99,Standard Class,4,7,1,Late delivery,Europe_Hub_Rotterdam,COMPLETE,North America
10915,20165,PA,EE. UU.,Corporate,1365,Diamondback Adult Response XE Mountain Bike,Shop By Sport,2,399.98,799.96,Standard Class,4,4,0,Shipping on time,Pacific_Hub_LA,COMPLETE,North America
10916,20166,OH,EE. UU.,Consumer,1366,Field & Stream Sportsman 16 Gun Fire Safe,Hunting & Shooting,1,399.99,399.99,Second Class,2,2,0,Shipping on time,Midwest_Hub_Chicago,COMPLETE,North America
10917,20167,WA,EE. UU.,Home Office,1367,Titleist Pro V1x High Golf Balls (Dozen),Golf Balls,1,47.99,47.99,Standard Class,4,8,1,Late delivery,EastCoast_Hub_NJ,COMPLETE,North America
10918,20168,GA,EE. UU.,Consumer,1368,Glove It Women's Urban Zoo Golf Bag,Golf Bags,3,179.99,539.97,Standard Class,4,6,1,Late delivery,South_Hub_Dallas,COMPLETE,North America
10919,20169,NC,EE. UU.,Consumer,1369,Fitbit Surge Fitness Superwatch,Fitness Accessories,1,249.95,249.95,Standard Class,4,4,0,Shipping on time,Europe_Hub_Rotterdam,COMPLETE,North America
10920,20170,CA,EE. UU.,Home Office,1360,Perfect Fitness Perfect Rip Deck,Cleats,2,59.99,119.98,Standard Class,4,4,0,Shipping on time,Pacific_Hub_LA,PENDING_DISPATCH,North America
10921,20171,NY,EE. UU.,Corporate,1361,Nike Men's CJ81 Elite Football Cleat,Men's Footwear,2,129.99,259.98,Standard Class,4,4,0,Shipping on time,Midwest_Hub_Chicago,COMPLETE,North America
10922,20172,TX,EE. UU.,Corporate,1362,Under Armour Girls' Toddler Spine Surge,Cardio Equipment,1,39.99,39.99,Second Class,2,2,0,Shipping on time,EastCoast_Hub_NJ,COMPLETE,North America
10923,20173,FL,EE. UU.,Consumer,1363,O'Brien Men's Neoprene Life Vest,Water Sports,2,49.98,99.96,Standard Class,4,6,1,Late delivery,South_Hub_Dallas,COMPLETE,North America
10924,20174,IL,EE. UU.,Corporate,1364,Pelican Sun Dolphin 5-Seat Pedal Boat,Boating,1,649.99,649.99,Standard Class,4,4,0,Shipping on time,Europe_Hub_Rotterdam,COMPLETE,North America
10925,20175,PA,EE. UU.,Corporate,1365,Diamondback Adult Response XE Mountain Bike,Shop By Sport,2,399.98,799.96,Standard Class,4,4,0,Shipping on time,Pacific_Hub_LA,COMPLETE,North America
10926,20176,OH,EE. UU.,Corporate,1366,Field & Stream Sportsman 16 Gun Fire Safe,Hunting & Shooting,5,399.99,1999.95,Standard Class,4,4,0,Shipping on time,Midwest_Hub_Chicago,COMPLETE,North America
10927,20177,WA,EE. UU.,Corporate,1367,Titleist Pro V1x High Golf Balls (Dozen),Golf Balls,2,47.99,95.98,Standard Class,4,4,0,Shipping on time,EastCoast_Hub_NJ,COMPLETE,North America
10928,20178,GA,EE. UU.,Home Office,1368,Glove It Women's Urban Zoo Golf Bag,Golf Bags,2,179.99,359.98,Standard Class,4,4,0,Shipping on time,South_Hub_Dallas,COMPLETE,North America
10929,20179,NC,EE. UU.,Consumer,1369,Fitbit Surge Fitness Superwatch,Fitness Accessories,4,249.95,999.8,Standard Class,4,4,0,Shipping on time,Europe_Hub_Rotterdam,COMPLETE,North America
10930,20180,CA,EE. UU.,Home Office,1360,Perfect Fitness Perfect Rip Deck,Cleats,2,59.99,119.98,Standard Class,4,7,1,Late delivery,Pacific_Hub_LA,PENDING_DISPATCH,North America
10931,20181,NY,EE. UU.,Home Office,1361,Nike Men's CJ81 Elite Football Cleat,Men's Footwear,3,129.99,389.97,Same Day,0,0,0,Shipping on time,Midwest_Hub_Chicago,COMPLETE,North America
10932,20182,TX,EE. UU.,Consumer,1362,Under Armour Girls' Toddler Spine Surge,Cardio Equipment,3,39.99,119.97,First Class,1,1,0,Shipping on time,EastCoast_Hub_NJ,COMPLETE,North America
10933,20183,FL,EE. UU.,Consumer,1363,O'Brien Men's Neoprene Life Vest,Water Sports,3,49.98,149.94,Standard Class,4,4,0,Shipping on time,South_Hub_Dallas,COMPLETE,North America
10934,20184,IL,EE. UU.,Home Office,1364,Pelican Sun Dolphin 5-Seat Pedal Boat,Boating,4,649.99,2599.96,Standard Class,4,6,1,Late delivery,Europe_Hub_Rotterdam,COMPLETE,North America
10935,20185,PA,EE. UU.,Home Office,1365,Diamondback Adult Response XE Mountain Bike,Shop By Sport,4,399.98,1599.92,Standard Class,4,4,0,Shipping on time,Pacific_Hub_LA,COMPLETE,North America
10936,20186,OH,EE. UU.,Corporate,1366,Field & Stream Sportsman 16 Gun Fire Safe,Hunting & Shooting,5,399.99,1999.95,Standard Class,4,4,0,Shipping on time,Midwest_Hub_Chicago,COMPLETE,North America
10937,20187,WA,EE. UU.,Corporate,1367,Titleist Pro V1x High Golf Balls (Dozen),Golf Balls,1,47.99,47.99,Standard Class,4,4,0,Shipping on time,EastCoast_Hub_NJ,COMPLETE,North America
10938,20188,GA,EE. UU.,Consumer,1368,Glove It Women's Urban Zoo Golf Bag,Golf Bags,3,179.99,539.97,First Class,1,1,0,Shipping on time,South_Hub_Dallas,COMPLETE,North America
10939,20189,NC,EE. UU.,Consumer,1369,Fitbit Surge Fitness Superwatch,Fitness Accessories,5,249.95,1249.75,Standard Class,4,4,0,Shipping on time,Europe_Hub_Rotterdam,COMPLETE,North America
10940,20190,CA,EE. UU.,Consumer,1360,Perfect Fitness Perfect Rip Deck,Cleats,4,59.99,239.96,Standard Class,4,4,0,Shipping on time,Pacific_Hub_LA,PENDING_DISPATCH,North America
10941,20191,NY,EE. UU.,Corporate,1361,Nike Men's CJ81 Elite Football Cleat,Men's Footwear,4,129.99,519.96,Standard Class,4,6,1,Late delivery,Midwest_Hub_Chicago,COMPLETE,North America
10942,20192,TX,EE. UU.,Home Office,1362,Under Armour Girls' Toddler Spine Surge,Cardio Equipment,4,39.99,159.96,Standard Class,4,4,0,Shipping on time,EastCoast_Hub_NJ,COMPLETE,North America
10943,20193,FL,EE. UU.,Consumer,1363,O'Brien Men's Neoprene Life Vest,Water Sports,3,49.98,149.94,Second Class,2,2,0,Shipping on time,South_Hub_Dallas,COMPLETE,North America
10944,20194,IL,EE. UU.,Home Office,1364,Pelican Sun Dolphin 5-Seat Pedal Boat,Boating,2,649.99,1299.98,Standard Class,4,8,1,Late delivery,Europe_Hub_Rotterdam,COMPLETE,North America
10945,20195,PA,EE. UU.,Corporate,1365,Diamondback Adult Response XE Mountain Bike,Shop By Sport,5,399.98,1999.9,First Class,1,1,0,Shipping on time,Pacific_Hub_LA,COMPLETE,North America
10946,20196,OH,EE. UU.,Corporate,1366,Field & Stream Sportsman 16 Gun Fire Safe,Hunting & Shooting,5,399.99,1999.95,Standard Class,4,8,1,Late delivery,Midwest_Hub_Chicago,COMPLETE,North America
10947,20197,WA,EE. UU.,Corporate,1367,Titleist Pro V1x High Golf Balls (Dozen),Golf Balls,5,47.99,239.95,Standard Class,4,6,1,Late delivery,EastCoast_Hub_NJ,COMPLETE,North America
10948,20198,GA,EE. UU.,Consumer,1368,Glove It Women's Urban Zoo Golf Bag,Golf Bags,2,179.99,359.98,Standard Class,4,6,1,Late delivery,South_Hub_Dallas,COMPLETE,North America
10949,20199,NC,EE. UU.,Corporate,1369,Fitbit Surge Fitness Superwatch,Fitness Accessories,1,249.95,249.95,Standard Class,4,4,0,Shipping on time,Europe_Hub_Rotterdam,COMPLETE,North America
10950,20200,CA,EE. UU.,Corporate,1360,Perfect Fitness Perfect Rip Deck,Cleats,5,59.99,299.95,Standard Class,4,4,0,Shipping on time,Pacific_Hub_LA,PENDING_DISPATCH,North America
10951,20201,NY,EE. UU.,Home Office,1361,Nike Men's CJ81 Elite Football Cleat,Men's Footwear,5,129.99,649.95,Standard Class,4,7,1,Late delivery,Midwest_Hub_Chicago,COMPLETE,North America
10952,20202,TX,EE. UU.,Consumer,1362,Under Armour Girls' Toddler Spine Surge,Cardio Equipment,4,39.99,159.96,First Class,1,1,0,Shipping on time,EastCoast_Hub_NJ,COMPLETE,North America
10953,20203,FL,EE. UU.,Corporate,1363,O'Brien Men's Neoprene Life Vest,Water Sports,4,49.98,199.92,Second Class,2,2,0,Shipping on time,South_Hub_Dallas,COMPLETE,North America
10954,20204,IL,EE. UU.,Corporate,1364,Pelican Sun Dolphin 5-Seat Pedal Boat,Boating,2,649.99,1299.98,Standard Class,4,4,0,Shipping on time,Europe_Hub_Rotterdam,COMPLETE,North America
10955,20205,PA,EE. UU.,Consumer,1365,Diamondback Adult Response XE Mountain Bike,Shop By Sport,1,399.98,399.98,Second Class,2,2,0,Shipping on time,Pacific_Hub_LA,COMPLETE,North America
10956,20206,OH,EE. UU.,Corporate,1366,Field & Stream Sportsman 16 Gun Fire Safe,Hunting & Shooting,4,399.99,1599.96,Standard Class,4,4,0,Shipping on time,Midwest_Hub_Chicago,COMPLETE,North America
10957,20207,WA,EE. UU.,Consumer,1367,Titleist Pro V1x High Golf Balls (Dozen),Golf Balls,5,47.99,239.95,Standard Class,4,4,0,Shipping on time,EastCoast_Hub_NJ,COMPLETE,North America
10958,20208,GA,EE. UU.,Corporate,1368,Glove It Women's Urban Zoo Golf Bag,Golf Bags,5,179.99,899.95,First Class,1,1,0,Shipping on time,South_Hub_Dallas,COMPLETE,North America
10959,20209,NC,EE. UU.,Home Office,1369,Fitbit Surge Fitness Superwatch,Fitness Accessories,5,249.95,1249.75,Standard Class,4,4,0,Shipping on time,Europe_Hub_Rotterdam,COMPLETE,North America
10960,20210,CA,EE. UU.,Corporate,1360,Perfect Fitness Perfect Rip Deck,Cleats,5,59.99,299.95,Second Class,2,2,0,Shipping on time,Pacific_Hub_LA,PENDING_DISPATCH,North America
10961,20211,NY,EE. UU.,Corporate,1361,Nike Men's CJ81 Elite Football Cleat,Men's Footwear,3,129.99,389.97,Second Class,2,5,1,Late delivery,Midwest_Hub_Chicago,COMPLETE,North America
10962,20212,TX,EE. UU.,Corporate,1362,Under Armour Girls' Toddler Spine Surge,Cardio Equipment,3,39.99,119.97,Standard Class,4,4,0,Shipping on time,EastCoast_Hub_NJ,COMPLETE,North America
10963,20213,FL,EE. UU.,Corporate,1363,O'Brien Men's Neoprene Life Vest,Water Sports,2,49.98,99.96,First Class,1,1,0,Shipping on time,South_Hub_Dallas,COMPLETE,North America
10964,20214,IL,EE. UU.,Consumer,1364,Pelican Sun Dolphin 5-Seat Pedal Boat,Boating,1,649.99,649.99,Standard Class,4,4,0,Shipping on time,Europe_Hub_Rotterdam,COMPLETE,North America
10965,20215,PA,EE. UU.,Corporate,1365,Diamondback Adult Response XE Mountain Bike,Shop By Sport,5,399.98,1999.9,Standard Class,4,4,0,Shipping on time,Pacific_Hub_LA,COMPLETE,North America
10966,20216,OH,EE. UU.,Corporate,1366,Field & Stream Sportsman 16 Gun Fire Safe,Hunting & Shooting,3,399.99,1199.97,Standard Class,4,4,0,Shipping on time,Midwest_Hub_Chicago,COMPLETE,North America
10967,20217,WA,EE. UU.,Corporate,1367,Titleist Pro V1x High Golf Balls (Dozen),Golf Balls,4,47.99,191.96,Standard Class,4,4,0,Shipping on time,EastCoast_Hub_NJ,COMPLETE,North America
10968,20218,GA,EE. UU.,Home Office,1368,Glove It Women's Urban Zoo Golf Bag,Golf Bags,4,179.99,719.96,Same Day,0,0,0,Shipping on time,South_Hub_Dallas,COMPLETE,North America
10969,20219,NC,EE. UU.,Corporate,1369,Fitbit Surge Fitness Superwatch,Fitness Accessories,5,249.95,1249.75,Second Class,2,6,1,Late delivery,Europe_Hub_Rotterdam,COMPLETE,North America
10970,20220,CA,EE. UU.,Consumer,1360,Perfect Fitness Perfect Rip Deck,Cleats,5,59.99,299.95,Standard Class,4,4,0,Shipping on time,Pacific_Hub_LA,PENDING_DISPATCH,North America
10971,20221,NY,EE. UU.,Consumer,1361,Nike Men's CJ81 Elite Football Cleat,Men's Footwear,4,129.99,519.96,Standard Class,4,4,0,Shipping on time,Midwest_Hub_Chicago,COMPLETE,North America
10972,20222,TX,EE. UU.,Consumer,1362,Under Armour Girls' Toddler Spine Surge,Cardio Equipment,4,39.99,159.96,Standard Class,4,4,0,Shipping on time,EastCoast_Hub_NJ,COMPLETE,North America
10973,20223,FL,EE. UU.,Consumer,1363,O'Brien Men's Neoprene Life Vest,Water Sports,1,49.98,49.98,Standard Class,4,5,1,Late delivery,South_Hub_Dallas,COMPLETE,North America
10974,20224,IL,EE. UU.,Consumer,1364,Pelican Sun Dolphin 5-Seat Pedal Boat,Boating,3,649.99,1949.97,Second Class,2,2,0,Shipping on time,Europe_Hub_Rotterdam,COMPLETE,North America
10975,20225,PA,EE. UU.,Home Office,1365,Diamondback Adult Response XE Mountain Bike,Shop By Sport,4,399.98,1599.92,Standard Class,4,4,0,Shipping on time,Pacific_Hub_LA,COMPLETE,North America
10976,20226,OH,EE. UU.,Consumer,1366,Field & Stream Sportsman 16 Gun Fire Safe,Hunting & Shooting,3,399.99,1199.97,Standard Class,4,4,0,Shipping on time,Midwest_Hub_Chicago,COMPLETE,North America
10977,20227,WA,EE. UU.,Home Office,1367,Titleist Pro V1x High Golf Balls (Dozen),Golf Balls,1,47.99,47.99,Standard Class,4,4,0,Shipping on time,EastCoast_Hub_NJ,COMPLETE,North America
10978,20228,GA,EE. UU.,Home Office,1368,Glove It Women's Urban Zoo Golf Bag,Golf Bags,2,179.99,359.98,Standard Class,4,4,0,Shipping on time,South_Hub_Dallas,COMPLETE,North America
10979,20229,NC,EE. UU.,Consumer,1369,Fitbit Surge Fitness Superwatch,Fitness Accessories,4,249.95,999.8,Standard Class,4,4,0,Shipping on time,Europe_Hub_Rotterdam,COMPLETE,North America
10980,20230,CA,EE. UU.,Home Office,1360,Perfect Fitness Perfect Rip Deck,Cleats,3,59.99,179.97,Second Class,2,2,0,Shipping on time,Pacific_Hub_LA,PENDING_DISPATCH,North America
10981,20231,NY,EE. UU.,Consumer,1361,Nike Men's CJ81 Elite Football Cleat,Men's Footwear,3,129.99,389.97,Standard Class,4,4,0,Shipping on time,Midwest_Hub_Chicago,COMPLETE,North America
10982,20232,TX,EE. UU.,Corporate,1362,Under Armour Girls' Toddler Spine Surge,Cardio Equipment,4,39.99,159.96,First Class,1,3,1,Late delivery,EastCoast_Hub_NJ,COMPLETE,North America
10983,20233,FL,EE. UU.,Home Office,1363,O'Brien Men's Neoprene Life Vest,Water Sports,5,49.98,249.9,First Class,1,1,0,Shipping on time,South_Hub_Dallas,COMPLETE,North America
10984,20234,IL,EE. UU.,Consumer,1364,Pelican Sun Dolphin 5-Seat Pedal Boat,Boating,2,649.99,1299.98,Second Class,2,4,1,Late delivery,Europe_Hub_Rotterdam,COMPLETE,North America
10985,20235,PA,EE. UU.,Home Office,1365,Diamondback Adult Response XE Mountain Bike,Shop By Sport,5,399.98,1999.9,Standard Class,4,4,0,Shipping on time,Pacific_Hub_LA,COMPLETE,North America
10986,20236,OH,EE. UU.,Consumer,1366,Field & Stream Sportsman 16 Gun Fire Safe,Hunting & Shooting,3,399.99,1199.97,Standard Class,4,4,0,Shipping on time,Midwest_Hub_Chicago,COMPLETE,North America
10987,20237,WA,EE. UU.,Corporate,1367,Titleist Pro V1x High Golf Balls (Dozen),Golf Balls,1,47.99,47.99,Second Class,2,2,0,Shipping on time,EastCoast_Hub_NJ,COMPLETE,North America
10988,20238,GA,EE. UU.,Consumer,1368,Glove It Women's Urban Zoo Golf Bag,Golf Bags,4,179.99,719.96,First Class,1,1,0,Shipping on time,South_Hub_Dallas,COMPLETE,North America
10989,20239,NC,EE. UU.,Corporate,1369,Fitbit Surge Fitness Superwatch,Fitness Accessories,1,249.95,249.95,Second Class,2,2,0,Shipping on time,Europe_Hub_Rotterdam,COMPLETE,North America
10990,20240,CA,EE. UU.,Consumer,1360,Perfect Fitness Perfect Rip Deck,Cleats,3,59.99,179.97,Standard Class,4,4,0,Shipping on time,Pacific_Hub_LA,PENDING_DISPATCH,North America
10991,20241,NY,EE. UU.,Home Office,1361,Nike Men's CJ81 Elite Football Cleat,Men's Footwear,2,129.99,259.98,Same Day,0,0,0,Shipping on time,Midwest_Hub_Chicago,COMPLETE,North America
10992,20242,TX,EE. UU.,Consumer,1362,Under Armour Girls' Toddler Spine Surge,Cardio Equipment,1,39.99,39.99,Same Day,0,0,0,Shipping on time,EastCoast_Hub_NJ,COMPLETE,North America
10993,20243,FL,EE. UU.,Home Office,1363,O'Brien Men's Neoprene Life Vest,Water Sports,2,49.98,99.96,Standard Class,4,5,1,Late delivery,South_Hub_Dallas,COMPLETE,North America
10994,20244,IL,EE. UU.,Consumer,1364,Pelican Sun Dolphin 5-Seat Pedal Boat,Boating,4,649.99,2599.96,Standard Class,4,5,1,Late delivery,Europe_Hub_Rotterdam,COMPLETE,North America
10995,20245,PA,EE. UU.,Corporate,1365,Diamondback Adult Response XE Mountain Bike,Shop By Sport,2,399.98,799.96,Second Class,2,2,0,Shipping on time,Pacific_Hub_LA,COMPLETE,North America
10996,20246,OH,EE. UU.,Corporate,1366,Field & Stream Sportsman 16 Gun Fire Safe,Hunting & Shooting,2,399.99,799.98,First Class,1,1,0,Shipping on time,Midwest_Hub_Chicago,COMPLETE,North America
10997,20247,WA,EE. UU.,Home Office,1367,Titleist Pro V1x High Golf Balls (Dozen),Golf Balls,3,47.99,143.97,Standard Class,4,4,0,Shipping on time,EastCoast_Hub_NJ,COMPLETE,North America
10998,20248,GA,EE. UU.,Consumer,1368,Glove It Women's Urban Zoo Golf Bag,Golf Bags,2,179.99,359.98,Second Class,2,2,0,Shipping on time,South_Hub_Dallas,COMPLETE,North America
10999,20249,NC,EE. UU.,Home Office,1369,Fitbit Surge Fitness Superwatch,Fitness Accessories,1,249.95,249.95,Second Class,2,2,0,Shipping on time,Europe_Hub_Rotterdam,COMPLETE,North America
11000,20000,CA,EE. UU.,Consumer,1360,Perfect Fitness Perfect Rip Deck,Cleats,5,59.99,299.95,Second Class,2,2,0,Shipping on time,Pacific_Hub_LA,PENDING_DISPATCH,North America
11001,20001,NY,EE. UU.,Consumer,1361,Nike Men's CJ81 Elite Football Cleat,Men's Footwear,2,129.99,259.98,Same Day,0,0,0,Shipping on time,Midwest_Hub_Chicago,COMPLETE,North America
11002,20002,TX,EE. UU.,Consumer,1362,Under Armour Girls' Toddler Spine Surge,Cardio Equipment,1,39.99,39.99,Standard Class,4,7,1,Late delivery,EastCoast_Hub_NJ,COMPLETE,North America
11003,20003,FL,EE. UU.,Consumer,1363,O'Brien Men's Neoprene Life Vest,Water Sports,5,49.98,249.9,First Class,1,1,0,Shipping on time,South_Hub_Dallas,COMPLETE,North America
11004,20004,IL,EE. UU.,Consumer,1364,Pelican Sun Dolphin 5-Seat Pedal Boat,Boating,4,649.99,2599.96,First Class,1,2,1,Late delivery,Europe_Hub_Rotterdam,COMPLETE,North America
11005,20005,PA,EE. UU.,Consumer,1365,Diamondback Adult Response XE Mountain Bike,Shop By Sport,4,399.98,1599.92,Standard Class,4,4,0,Shipping on time,Pacific_Hub_LA,COMPLETE,North America
11006,20006,OH,EE. UU.,Consumer,1366,Field & Stream Sportsman 16 Gun Fire Safe,Hunting & Shooting,4,399.99,1599.96,First Class,1,1,0,Shipping on time,Midwest_Hub_Chicago,COMPLETE,North America
11007,20007,WA,EE. UU.,Consumer,1367,Titleist Pro V1x High Golf Balls (Dozen),Golf Balls,5,47.99,239.95,Standard Class,4,4,0,Shipping on time,EastCoast_Hub_NJ,COMPLETE,North America
11008,20008,GA,EE. UU.,Home Office,1368,Glove It Women's Urban Zoo Golf Bag,Golf Bags,2,179.99,359.98,Standard Class,4,4,0,Shipping on time,South_Hub_Dallas,COMPLETE,North America
11009,20009,NC,EE. UU.,Home Office,1369,Fitbit Surge Fitness Superwatch,Fitness Accessories,3,249.95,749.85,Standard Class,4,4,0,Shipping on time,Europe_Hub_Rotterdam,COMPLETE,North America
11010,20010,CA,EE. UU.,Consumer,1360,Perfect Fitness Perfect Rip Deck,Cleats,1,59.99,59.99,Second Class,2,4,1,Late delivery,Pacific_Hub_LA,PENDING_DISPATCH,North America
11011,20011,NY,EE. UU.,Corporate,1361,Nike Men's CJ81 Elite Football Cleat,Men's Footwear,3,129.99,389.97,Standard Class,4,4,0,Shipping on time,Midwest_Hub_Chicago,COMPLETE,North America
11012,20012,TX,EE. UU.,Consumer,1362,Under Armour Girls' Toddler Spine Surge,Cardio Equipment,5,39.99,199.95,Second Class,2,2,0,Shipping on time,EastCoast_Hub_NJ,COMPLETE,North America
11013,20013,FL,EE. UU.,Consumer,1363,O'Brien Men's Neoprene Life Vest,Water Sports,2,49.98,99.96,Second Class,2,2,0,Shipping on time,South_Hub_Dallas,COMPLETE,North America
11014,20014,IL,EE. UU.,Corporate,1364,Pelican Sun Dolphin 5-Seat Pedal Boat,Boating,5,649.99,3249.95,Standard Class,4,7,1,Late delivery,Europe_Hub_Rotterdam,COMPLETE,North America
11015,20015,PA,EE. UU.,Consumer,1365,Diamondback Adult Response XE Mountain Bike,Shop By Sport,1,399.98,399.98,Standard Class,4,4,0,Shipping on time,Pacific_Hub_LA,COMPLETE,North America
11016,20016,OH,EE. UU.,Home Office,1366,Field & Stream Sportsman 16 Gun Fire Safe,Hunting & Shooting,1,399.99,399.99,Standard Class,4,4,0,Shipping on time,Midwest_Hub_Chicago,COMPLETE,North America
11017,20017,WA,EE. UU.,Corporate,1367,Titleist Pro V1x High Golf Balls (Dozen),Golf Balls,4,47.99,191.96,Standard Class,4,7,1,Late delivery,EastCoast_Hub_NJ,COMPLETE,North America
11018,20018,GA,EE. UU.,Consumer,1368,Glove It Women's Urban Zoo Golf Bag,Golf Bags,4,179.99,719.96,Standard Class,4,4,0,Shipping on time,South_Hub_Dallas,COMPLETE,North America
11019,20019,NC,EE. UU.,Consumer,1369,Fitbit Surge Fitness Superwatch,Fitness Accessories,1,249.95,249.95,Standard Class,4,6,1,Late delivery,Europe_Hub_Rotterdam,COMPLETE,North America
11020,20020,CA,EE. UU.,Corporate,1360,Perfect Fitness Perfect Rip Deck,Cleats,1,59.99,59.99,First Class,1,3,1,Late delivery,Pacific_Hub_LA,PENDING_DISPATCH,North America
11021,20021,NY,EE. UU.,Corporate,1361,Nike Men's CJ81 Elite Football Cleat,Men's Footwear,3,129.99,389.97,Standard Class,4,7,1,Late delivery,Midwest_Hub_Chicago,COMPLETE,North America
11022,20022,TX,EE. UU.,Home Office,1362,Under Armour Girls' Toddler Spine Surge,Cardio Equipment,2,39.99,79.98,Standard Class,4,4,0,Shipping on time,EastCoast_Hub_NJ,COMPLETE,North America
11023,20023,FL,EE. UU.,Home Office,1363,O'Brien Men's Neoprene Life Vest,Water Sports,1,49.98,49.98,Same Day,0,0,0,Shipping on time,South_Hub_Dallas,COMPLETE,North America
11024,20024,IL,EE. UU.,Corporate,1364,Pelican Sun Dolphin 5-Seat Pedal Boat,Boating,4,649.99,2599.96,First Class,1,1,0,Shipping on time,Europe_Hub_Rotterdam,COMPLETE,North America
11025,20025,PA,EE. UU.,Consumer,1365,Diamondback Adult Response XE Mountain Bike,Shop By Sport,5,399.98,1999.9,Standard Class,4,4,0,Shipping on time,Pacific_Hub_LA,COMPLETE,North America
11026,20026,OH,EE. UU.,Corporate,1366,Field & Stream Sportsman 16 Gun Fire Safe,Hunting & Shooting,5,399.99,1999.95,First Class,1,1,0,Shipping on time,Midwest_Hub_Chicago,COMPLETE,North America
11027,20027,WA,EE. UU.,Corporate,1367,Titleist Pro V1x High Golf Balls (Dozen),Golf Balls,4,47.99,191.96,Same Day,0,4,1,Late delivery,EastCoast_Hub_NJ,COMPLETE,North America
11028,20028,GA,EE. UU.,Corporate,1368,Glove It Women's Urban Zoo Golf Bag,Golf Bags,1,179.99,179.99,First Class,1,1,0,Shipping on time,South_Hub_Dallas,COMPLETE,North America
11029,20029,NC,EE. UU.,Consumer,1369,Fitbit Surge Fitness Superwatch,Fitness Accessories,4,249.95,999.8,Standard Class,4,7,1,Late delivery,Europe_Hub_Rotterdam,COMPLETE,North America
11030,20030,CA,EE. UU.,Consumer,1360,Perfect Fitness Perfect Rip Deck,Cleats,5,59.99,299.95,Second Class,2,2,0,Shipping on time,Pacific_Hub_LA,PENDING_DISPATCH,North America
11031,20031,NY,EE. UU.,Consumer,1361,Nike Men's CJ81 Elite Football Cleat,Men's Footwear,4,129.99,519.96,Standard Class,4,4,0,Shipping on time,Midwest_Hub_Chicago,COMPLETE,North America
11032,20032,TX,EE. UU.,Consumer,1362,Under Armour Girls' Toddler Spine Surge,Cardio Equipment,2,39.99,79.98,Standard Class,4,4,0,Shipping on time,EastCoast_Hub_NJ,COMPLETE,North America
11033,20033,FL,EE. UU.,Consumer,1363,O'Brien Men's Neoprene Life Vest,Water Sports,5,49.98,249.9,Standard Class,4,8,1,Late delivery,South_Hub_Dallas,COMPLETE,North America
11034,20034,IL,EE. UU.,Consumer,1364,Pelican Sun Dolphin 5-Seat Pedal Boat,Boating,4,649.99,2599.96,Standard Class,4,4,0,Shipping on time,Europe_Hub_Rotterdam,COMPLETE,North America
11035,20035,PA,EE. UU.,Consumer,1365,Diamondback Adult Response XE Mountain Bike,Shop By Sport,3,399.98,1199.94,Standard Class,4,4,0,Shipping on time,Pacific_Hub_LA,COMPLETE,North America
11036,20036,OH,EE. UU.,Consumer,1366,Field & Stream Sportsman 16 Gun Fire Safe,Hunting & Shooting,1,399.99,399.99,Standard Class,4,4,0,Shipping on time,Midwest_Hub_Chicago,COMPLETE,North America
11037,20037,WA,EE. UU.,Corporate,1367,Titleist Pro V1x High Golf Balls (Dozen),Golf Balls,5,47.99,239.95,Standard Class,4,8,1,Late delivery,EastCoast_Hub_NJ,COMPLETE,North America
11038,20038,GA,EE. UU.,Corporate,1368,Glove It Women's Urban Zoo Golf Bag,Golf Bags,1,179.99,179.99,Standard Class,4,4,0,Shipping on time,South_Hub_Dallas,COMPLETE,North America
11039,20039,NC,EE. UU.,Corporate,1369,Fitbit Surge Fitness Superwatch,Fitness Accessories,2,249.95,499.9,First Class,1,1,0,Shipping on time,Europe_Hub_Rotterdam,COMPLETE,North America
11040,20040,CA,EE. UU.,Consumer,1360,Perfect Fitness Perfect Rip Deck,Cleats,4,59.99,239.96,First Class,1,1,0,Shipping on time,Pacific_Hub_LA,PENDING_DISPATCH,North America
11041,20041,NY,EE. UU.,Home Office,1361,Nike Men's CJ81 Elite Football Cleat,Men's Footwear,3,129.99,389.97,Standard Class,4,4,0,Shipping on time,Midwest_Hub_Chicago,COMPLETE,North America
11042,20042,TX,EE. UU.,Home Office,1362,Under Armour Girls' Toddler Spine Surge,Cardio Equipment,4,39.99,159.96,Standard Class,4,4,0,Shipping on time,EastCoast_Hub_NJ,COMPLETE,North America
11043,20043,FL,EE. UU.,Home Office,1363,O'Brien Men's Neoprene Life Vest,Water Sports,3,49.98,149.94,Standard Class,4,4,0,Shipping on time,South_Hub_Dallas,COMPLETE,North America
11044,20044,IL,EE. UU.,Corporate,1364,Pelican Sun Dolphin 5-Seat Pedal Boat,Boating,2,649.99,1299.98,Standard Class,4,4,0,Shipping on time,Europe_Hub_Rotterdam,COMPLETE,North America
11045,20045,PA,EE. UU.,Consumer,1365,Diamondback Adult Response XE Mountain Bike,Shop By Sport,1,399.98,399.98,Standard Class,4,5,1,Late delivery,Pacific_Hub_LA,COMPLETE,North America
11046,20046,OH,EE. UU.,Corporate,1366,Field & Stream Sportsman 16 Gun Fire Safe,Hunting & Shooting,1,399.99,399.99,Second Class,2,2,0,Shipping on time,Midwest_Hub_Chicago,COMPLETE,North America
11047,20047,WA,EE. UU.,Consumer,1367,Titleist Pro V1x High Golf Balls (Dozen),Golf Balls,3,47.99,143.97,Standard Class,4,4,0,Shipping on time,EastCoast_Hub_NJ,COMPLETE,North America
11048,20048,GA,EE. UU.,Consumer,1368,Glove It Women's Urban Zoo Golf Bag,Golf Bags,2,179.99,359.98,Standard Class,4,5,1,Late delivery,South_Hub_Dallas,COMPLETE,North America
11049,20049,NC,EE. UU.,Home Office,1369,Fitbit Surge Fitness Superwatch,Fitness Accessories,1,249.95,249.95,Second Class,2,2,0,Shipping on time,Europe_Hub_Rotterdam,COMPLETE,North America
11050,20050,CA,EE. UU.,Consumer,1360,Perfect Fitness Perfect Rip Deck,Cleats,1,59.99,59.99,Second Class,2,2,0,Shipping on time,Pacific_Hub_LA,PENDING_DISPATCH,North America
11051,20051,NY,EE. UU.,Consumer,1361,Nike Men's CJ81 Elite Football Cleat,Men's Footwear,5,129.99,649.95,Standard Class,4,4,0,Shipping on time,Midwest_Hub_Chicago,COMPLETE,North America
11052,20052,TX,EE. UU.,Corporate,1362,Under Armour Girls' Toddler Spine Surge,Cardio Equipment,3,39.99,119.97,Standard Class,4,4,0,Shipping on time,EastCoast_Hub_NJ,COMPLETE,North America
11053,20053,FL,EE. UU.,Corporate,1363,O'Brien Men's Neoprene Life Vest,Water Sports,5,49.98,249.9,Second Class,2,2,0,Shipping on time,South_Hub_Dallas,COMPLETE,North America
11054,20054,IL,EE. UU.,Corporate,1364,Pelican Sun Dolphin 5-Seat Pedal Boat,Boating,5,649.99,3249.95,Standard Class,4,4,0,Shipping on time,Europe_Hub_Rotterdam,COMPLETE,North America
11055,20055,PA,EE. UU.,Corporate,1365,Diamondback Adult Response XE Mountain Bike,Shop By Sport,2,399.98,799.96,Standard Class,4,4,0,Shipping on time,Pacific_Hub_LA,COMPLETE,North America
11056,20056,OH,EE. UU.,Consumer,1366,Field & Stream Sportsman 16 Gun Fire Safe,Hunting & Shooting,2,399.99,799.98,Standard Class,4,4,0,Shipping on time,Midwest_Hub_Chicago,COMPLETE,North America
11057,20057,WA,EE. UU.,Corporate,1367,Titleist Pro V1x High Golf Balls (Dozen),Golf Balls,3,47.99,143.97,Standard Class,4,4,0,Shipping on time,EastCoast_Hub_NJ,COMPLETE,North America
11058,20058,GA,EE. UU.,Consumer,1368,Glove It Women's Urban Zoo Golf Bag,Golf Bags,3,179.99,539.97,Standard Class,4,4,0,Shipping on time,South_Hub_Dallas,COMPLETE,North America
11059,20059,NC,EE. UU.,Corporate,1369,Fitbit Surge Fitness Superwatch,Fitness Accessories,2,249.95,499.9,Second Class,2,2,0,Shipping on time,Europe_Hub_Rotterdam,COMPLETE,North America
11060,20060,CA,EE. UU.,Corporate,1360,Perfect Fitness Perfect Rip Deck,Cleats,4,59.99,239.96,Same Day,0,0,0,Shipping on time,Pacific_Hub_LA,PENDING_DISPATCH,North America
11061,20061,NY,EE. UU.,Consumer,1361,Nike Men's CJ81 Elite Football Cleat,Men's Footwear,4,129.99,519.96,Standard Class,4,4,0,Shipping on time,Midwest_Hub_Chicago,COMPLETE,North America
11062,20062,TX,EE. UU.,Consumer,1362,Under Armour Girls' Toddler Spine Surge,Cardio Equipment,4,39.99,159.96,Standard Class,4,4,0,Shipping on time,EastCoast_Hub_NJ,COMPLETE,North America
11063,20063,FL,EE. UU.,Consumer,1363,O'Brien Men's Neoprene Life Vest,Water Sports,3,49.98,149.94,Standard Class,4,4,0,Shipping on time,South_Hub_Dallas,COMPLETE,North America
11064,20064,IL,EE. UU.,Consumer,1364,Pelican Sun Dolphin 5-Seat Pedal Boat,Boating,4,649.99,2599.96,Second Class,2,3,1,Late delivery,Europe_Hub_Rotterdam,COMPLETE,North America
11065,20065,PA,EE. UU.,Home Office,1365,Diamondback Adult Response XE Mountain Bike,Shop By Sport,3,399.98,1199.94,Second Class,2,2,0,Shipping on time,Pacific_Hub_LA,COMPLETE,North America
11066,20066,OH,EE. UU.,Corporate,1366,Field & Stream Sportsman 16 Gun Fire Safe,Hunting & Shooting,3,399.99,1199.97,Standard Class,4,4,0,Shipping on time,Midwest_Hub_Chicago,COMPLETE,North America
11067,20067,WA,EE. UU.,Consumer,1367,Titleist Pro V1x High Golf Balls (Dozen),Golf Balls,2,47.99,95.98,Standard Class,4,4,0,Shipping on time,EastCoast_Hub_NJ,COMPLETE,North America
11068,20068,GA,EE. UU.,Consumer,1368,Glove It Women's Urban Zoo Golf Bag,Golf Bags,1,179.99,179.99,Standard Class,4,4,0,Shipping on time,South_Hub_Dallas,COMPLETE,North America
11069,20069,NC,EE. UU.,Consumer,1369,Fitbit Surge Fitness Superwatch,Fitness Accessories,1,249.95,249.95,Standard Class,4,4,0,Shipping on time,Europe_Hub_Rotterdam,COMPLETE,North America
11070,20070,CA,EE. UU.,Corporate,1360,Perfect Fitness Perfect Rip Deck,Cleats,5,59.99,299.95,Second Class,2,2,0,Shipping on time,Pacific_Hub_LA,PENDING_DISPATCH,North America
11071,20071,NY,EE. UU.,Consumer,1361,Nike Men's CJ81 Elite Football Cleat,Men's Footwear,3,129.99,389.97,Standard Class,4,4,0,Shipping on time,Midwest_Hub_Chicago,COMPLETE,North America
11072,20072,TX,EE. UU.,Consumer,1362,Under Armour Girls' Toddler Spine Surge,Cardio Equipment,3,39.99,119.97,First Class,1,1,0,Shipping on time,EastCoast_Hub_NJ,COMPLETE,North America
11073,20073,FL,EE. UU.,Consumer,1363,O'Brien Men's Neoprene Life Vest,Water Sports,5,49.98,249.9,Standard Class,4,4,0,Shipping on time,South_Hub_Dallas,COMPLETE,North America
11074,20074,IL,EE. UU.,Consumer,1364,Pelican Sun Dolphin 5-Seat Pedal Boat,Boating,4,649.99,2599.96,First Class,1,1,0,Shipping on time,Europe_Hub_Rotterdam,COMPLETE,North America
11075,20075,PA,EE. UU.,Consumer,1365,Diamondback Adult Response XE Mountain Bike,Shop By Sport,3,399.98,1199.94,Standard Class,4,7,1,Late delivery,Pacific_Hub_LA,COMPLETE,North America
11076,20076,OH,EE. UU.,Corporate,1366,Field & Stream Sportsman 16 Gun Fire Safe,Hunting & Shooting,1,399.99,399.99,First Class,1,1,0,Shipping on time,Midwest_Hub_Chicago,COMPLETE,North America
11077,20077,WA,EE. UU.,Home Office,1367,Titleist Pro V1x High Golf Balls (Dozen),Golf Balls,1,47.99,47.99,Second Class,2,2,0,Shipping on time,EastCoast_Hub_NJ,COMPLETE,North America
11078,20078,GA,EE. UU.,Consumer,1368,Glove It Women's Urban Zoo Golf Bag,Golf Bags,2,179.99,359.98,Standard Class,4,4,0,Shipping on time,South_Hub_Dallas,COMPLETE,North America
11079,20079,NC,EE. UU.,Consumer,1369,Fitbit Surge Fitness Superwatch,Fitness Accessories,1,249.95,249.95,First Class,1,1,0,Shipping on time,Europe_Hub_Rotterdam,COMPLETE,North America
11080,20080,CA,EE. UU.,Corporate,1360,Perfect Fitness Perfect Rip Deck,Cleats,3,59.99,179.97,Standard Class,4,4,0,Shipping on time,Pacific_Hub_LA,PENDING_DISPATCH,North America
11081,20081,NY,EE. UU.,Home Office,1361,Nike Men's CJ81 Elite Football Cleat,Men's Footwear,2,129.99,259.98,Standard Class,4,7,1,Late delivery,Midwest_Hub_Chicago,COMPLETE,North America
11082,20082,TX,EE. UU.,Corporate,1362,Under Armour Girls' Toddler Spine Surge,Cardio Equipment,1,39.99,39.99,First Class,1,3,1,Late delivery,EastCoast_Hub_NJ,COMPLETE,North America
11083,20083,FL,EE. UU.,Home Office,1363,O'Brien Men's Neoprene Life Vest,Water Sports,2,49.98,99.96,First Class,1,4,1,Late delivery,South_Hub_Dallas,COMPLETE,North America
11084,20084,IL,EE. UU.,Consumer,1364,Pelican Sun Dolphin 5-Seat Pedal Boat,Boating,4,649.99,2599.96,Standard Class,4,4,0,Shipping on time,Europe_Hub_Rotterdam,COMPLETE,North America
11085,20085,PA,EE. UU.,Consumer,1365,Diamondback Adult Response XE Mountain Bike,Shop By Sport,3,399.98,1199.94,Standard Class,4,4,0,Shipping on time,Pacific_Hub_LA,COMPLETE,North America
11086,20086,OH,EE. UU.,Consumer,1366,Field & Stream Sportsman 16 Gun Fire Safe,Hunting & Shooting,2,399.99,799.98,Standard Class,4,7,1,Late delivery,Midwest_Hub_Chicago,COMPLETE,North America
11087,20087,WA,EE. UU.,Consumer,1367,Titleist Pro V1x High Golf Balls (Dozen),Golf Balls,5,47.99,239.95,Standard Class,4,4,0,Shipping on time,EastCoast_Hub_NJ,COMPLETE,North America
11088,20088,GA,EE. UU.,Home Office,1368,Glove It Women's Urban Zoo Golf Bag,Golf Bags,1,179.99,179.99,First Class,1,4,1,Late delivery,South_Hub_Dallas,COMPLETE,North America
11089,20089,NC,EE. UU.,Home Office,1369,Fitbit Surge Fitness Superwatch,Fitness Accessories,1,249.95,249.95,Standard Class,4,4,0,Shipping on time,Europe_Hub_Rotterdam,COMPLETE,North America
11090,20090,CA,EE. UU.,Corporate,1360,Perfect Fitness Perfect Rip Deck,Cleats,4,59.99,239.96,Second Class,2,6,1,Late delivery,Pacific_Hub_LA,PENDING_DISPATCH,North America
11091,20091,NY,EE. UU.,Consumer,1361,Nike Men's CJ81 Elite Football Cleat,Men's Footwear,2,129.99,259.98,First Class,1,5,1,Late delivery,Midwest_Hub_Chicago,COMPLETE,North America
11092,20092,TX,EE. UU.,Consumer,1362,Under Armour Girls' Toddler Spine Surge,Cardio Equipment,2,39.99,79.98,Standard Class,4,4,0,Shipping on time,EastCoast_Hub_NJ,COMPLETE,North America
11093,20093,FL,EE. UU.,Consumer,1363,O'Brien Men's Neoprene Life Vest,Water Sports,2,49.98,99.96,Standard Class,4,6,1,Late delivery,South_Hub_Dallas,COMPLETE,North America
11094,20094,IL,EE. UU.,Consumer,1364,Pelican Sun Dolphin 5-Seat Pedal Boat,Boating,3,649.99,1949.97,Standard Class,4,7,1,Late delivery,Europe_Hub_Rotterdam,COMPLETE,North America
11095,20095,PA,EE. UU.,Consumer,1365,Diamondback Adult Response XE Mountain Bike,Shop By Sport,5,399.98,1999.9,Standard Class,4,7,1,Late delivery,Pacific_Hub_LA,COMPLETE,North America
11096,20096,OH,EE. UU.,Corporate,1366,Field & Stream Sportsman 16 Gun Fire Safe,Hunting & Shooting,1,399.99,399.99,Standard Class,4,7,1,Late delivery,Midwest_Hub_Chicago,COMPLETE,North America
11097,20097,WA,EE. UU.,Corporate,1367,Titleist Pro V1x High Golf Balls (Dozen),Golf Balls,3,47.99,143.97,Standard Class,4,4,0,Shipping on time,EastCoast_Hub_NJ,COMPLETE,North America
11098,20098,GA,EE. UU.,Consumer,1368,Glove It Women's Urban Zoo Golf Bag,Golf Bags,2,179.99,359.98,Standard Class,4,5,1,Late delivery,South_Hub_Dallas,COMPLETE,North America
11099,20099,NC,EE. UU.,Home Office,1369,Fitbit Surge Fitness Superwatch,Fitness Accessories,1,249.95,249.95,Same Day,0,0,0,Shipping on time,Europe_Hub_Rotterdam,COMPLETE,North America
11100,20100,CA,EE. UU.,Consumer,1360,Perfect Fitness Perfect Rip Deck,Cleats,3,59.99,179.97,Standard Class,4,8,1,Late delivery,Pacific_Hub_LA,PENDING_DISPATCH,North America
11101,20101,NY,EE. UU.,Consumer,1361,Nike Men's CJ81 Elite Football Cleat,Men's Footwear,2,129.99,259.98,Standard Class,4,8,1,Late delivery,Midwest_Hub_Chicago,COMPLETE,North America
11102,20102,TX,EE. UU.,Consumer,1362,Under Armour Girls' Toddler Spine Surge,Cardio Equipment,3,39.99,119.97,Standard Class,4,4,0,Shipping on time,EastCoast_Hub_NJ,COMPLETE,North America
11103,20103,FL,EE. UU.,Consumer,1363,O'Brien Men's Neoprene Life Vest,Water Sports,5,49.98,249.9,Standard Class,4,4,0,Shipping on time,South_Hub_Dallas,COMPLETE,North America
11104,20104,IL,EE. UU.,Corporate,1364,Pelican Sun Dolphin 5-Seat Pedal Boat,Boating,5,649.99,3249.95,Standard Class,4,6,1,Late delivery,Europe_Hub_Rotterdam,COMPLETE,North America
11105,20105,PA,EE. UU.,Consumer,1365,Diamondback Adult Response XE Mountain Bike,Shop By Sport,1,399.98,399.98,Standard Class,4,5,1,Late delivery,Pacific_Hub_LA,COMPLETE,North America
11106,20106,OH,EE. UU.,Consumer,1366,Field & Stream Sportsman 16 Gun Fire Safe,Hunting & Shooting,5,399.99,1999.95,Standard Class,4,4,0,Shipping on time,Midwest_Hub_Chicago,COMPLETE,North America
11107,20107,WA,EE. UU.,Consumer,1367,Titleist Pro V1x High Golf Balls (Dozen),Golf Balls,5,47.99,239.95,Standard Class,4,4,0,Shipping on time,EastCoast_Hub_NJ,COMPLETE,North America
11108,20108,GA,EE. UU.,Home Office,1368,Glove It Women's Urban Zoo Golf Bag,Golf Bags,3,179.99,539.97,Standard Class,4,4,0,Shipping on time,South_Hub_Dallas,COMPLETE,North America
11109,20109,NC,EE. UU.,Corporate,1369,Fitbit Surge Fitness Superwatch,Fitness Accessories,4,249.95,999.8,First Class,1,1,0,Shipping on time,Europe_Hub_Rotterdam,COMPLETE,North America
11110,20110,CA,EE. UU.,Consumer,1360,Perfect Fitness Perfect Rip Deck,Cleats,4,59.99,239.96,Standard Class,4,4,0,Shipping on time,Pacific_Hub_LA,PENDING_DISPATCH,North America
11111,20111,NY,EE. UU.,Consumer,1361,Nike Men's CJ81 Elite Football Cleat,Men's Footwear,1,129.99,129.99,Second Class,2,2,0,Shipping on time,Midwest_Hub_Chicago,COMPLETE,North America
11112,20112,TX,EE. UU.,Home Office,1362,Under Armour Girls' Toddler Spine Surge,Cardio Equipment,2,39.99,79.98,Standard Class,4,4,0,Shipping on time,EastCoast_Hub_NJ,COMPLETE,North America
11113,20113,FL,EE. UU.,Corporate,1363,O'Brien Men's Neoprene Life Vest,Water Sports,3,49.98,149.94,First Class,1,1,0,Shipping on time,South_Hub_Dallas,COMPLETE,North America
11114,20114,IL,EE. UU.,Consumer,1364,Pelican Sun Dolphin 5-Seat Pedal Boat,Boating,2,649.99,1299.98,Standard Class,4,4,0,Shipping on time,Europe_Hub_Rotterdam,COMPLETE,North America
11115,20115,PA,EE. UU.,Consumer,1365,Diamondback Adult Response XE Mountain Bike,Shop By Sport,3,399.98,1199.94,Standard Class,4,4,0,Shipping on time,Pacific_Hub_LA,COMPLETE,North America
11116,20116,OH,EE. UU.,Corporate,1366,Field & Stream Sportsman 16 Gun Fire Safe,Hunting & Shooting,2,399.99,799.98,Second Class,2,2,0,Shipping on time,Midwest_Hub_Chicago,COMPLETE,North America
11117,20117,WA,EE. UU.,Home Office,1367,Titleist Pro V1x High Golf Balls (Dozen),Golf Balls,1,47.99,47.99,Standard Class,4,4,0,Shipping on time,EastCoast_Hub_NJ,COMPLETE,North America
11118,20118,GA,EE. UU.,Consumer,1368,Glove It Women's Urban Zoo Golf Bag,Golf Bags,3,179.99,539.97,Standard Class,4,4,0,Shipping on time,South_Hub_Dallas,COMPLETE,North America
11119,20119,NC,EE. UU.,Consumer,1369,Fitbit Surge Fitness Superwatch,Fitness Accessories,3,249.95,749.85,Same Day,0,0,0,Shipping on time,Europe_Hub_Rotterdam,COMPLETE,North America
11120,20120,CA,EE. UU.,Consumer,1360,Perfect Fitness Perfect Rip Deck,Cleats,5,59.99,299.95,Standard Class,4,5,1,Late delivery,Pacific_Hub_LA,PENDING_DISPATCH,North America
11121,20121,NY,EE. UU.,Consumer,1361,Nike Men's CJ81 Elite Football Cleat,Men's Footwear,4,129.99,519.96,Second Class,2,2,0,Shipping on time,Midwest_Hub_Chicago,COMPLETE,North America
11122,20122,TX,EE. UU.,Consumer,1362,Under Armour Girls' Toddler Spine Surge,Cardio Equipment,4,39.99,159.96,Second Class,2,2,0,Shipping on time,EastCoast_Hub_NJ,COMPLETE,North America
11123,20123,FL,EE. UU.,Corporate,1363,O'Brien Men's Neoprene Life Vest,Water Sports,2,49.98,99.96,Standard Class,4,4,0,Shipping on time,South_Hub_Dallas,COMPLETE,North America
11124,20124,IL,EE. UU.,Consumer,1364,Pelican Sun Dolphin 5-Seat Pedal Boat,Boating,3,649.99,1949.97,Standard Class,4,4,0,Shipping on time,Europe_Hub_Rotterdam,COMPLETE,North America
11125,20125,PA,EE. UU.,Consumer,1365,Diamondback Adult Response XE Mountain Bike,Shop By Sport,3,399.98,1199.94,Standard Class,4,4,0,Shipping on time,Pacific_Hub_LA,COMPLETE,North America
11126,20126,OH,EE. UU.,Corporate,1366,Field & Stream Sportsman 16 Gun Fire Safe,Hunting & Shooting,3,399.99,1199.97,First Class,1,1,0,Shipping on time,Midwest_Hub_Chicago,COMPLETE,North America
11127,20127,WA,EE. UU.,Corporate,1367,Titleist Pro V1x High Golf Balls (Dozen),Golf Balls,3,47.99,143.97,Standard Class,4,6,1,Late delivery,EastCoast_Hub_NJ,COMPLETE,North America
11128,20128,GA,EE. UU.,Consumer,1368,Glove It Women's Urban Zoo Golf Bag,Golf Bags,1,179.99,179.99,First Class,1,2,1,Late delivery,South_Hub_Dallas,COMPLETE,North America
11129,20129,NC,EE. UU.,Corporate,1369,Fitbit Surge Fitness Superwatch,Fitness Accessories,2,249.95,499.9,Standard Class,4,4,0,Shipping on time,Europe_Hub_Rotterdam,COMPLETE,North America
11130,20130,CA,EE. UU.,Corporate,1360,Perfect Fitness Perfect Rip Deck,Cleats,3,59.99,179.97,Standard Class,4,4,0,Shipping on time,Pacific_Hub_LA,PENDING_DISPATCH,North America
11131,20131,NY,EE. UU.,Consumer,1361,Nike Men's CJ81 Elite Football Cleat,Men's Footwear,5,129.99,649.95,Standard Class,4,4,0,Shipping on time,Midwest_Hub_Chicago,COMPLETE,North America
11132,20132,TX,EE. UU.,Consumer,1362,Under Armour Girls' Toddler Spine Surge,Cardio Equipment,5,39.99,199.95,Second Class,2,2,0,Shipping on time,EastCoast_Hub_NJ,COMPLETE,North America
11133,20133,FL,EE. UU.,Corporate,1363,O'Brien Men's Neoprene Life Vest,Water Sports,4,49.98,199.92,Standard Class,4,4,0,Shipping on time,South_Hub_Dallas,COMPLETE,North America
11134,20134,IL,EE. UU.,Corporate,1364,Pelican Sun Dolphin 5-Seat Pedal Boat,Boating,4,649.99,2599.96,Second Class,2,2,0,Shipping on time,Europe_Hub_Rotterdam,COMPLETE,North America
11135,20135,PA,EE. UU.,Consumer,1365,Diamondback Adult Response XE Mountain Bike,Shop By Sport,3,399.98,1199.94,First Class,1,1,0,Shipping on time,Pacific_Hub_LA,COMPLETE,North America
11136,20136,OH,EE. UU.,Consumer,1366,Field & Stream Sportsman 16 Gun Fire Safe,Hunting & Shooting,4,399.99,1599.96,Second Class,2,2,0,Shipping on time,Midwest_Hub_Chicago,COMPLETE,North America
11137,20137,WA,EE. UU.,Consumer,1367,Titleist Pro V1x High Golf Balls (Dozen),Golf Balls,5,47.99,239.95,Same Day,0,1,1,Late delivery,EastCoast_Hub_NJ,COMPLETE,North America
11138,20138,GA,EE. UU.,Corporate,1368,Glove It Women's Urban Zoo Golf Bag,Golf Bags,3,179.99,539.97,Second Class,2,2,0,Shipping on time,South_Hub_Dallas,COMPLETE,North America
11139,20139,NC,EE. UU.,Consumer,1369,Fitbit Surge Fitness Superwatch,Fitness Accessories,4,249.95,999.8,Standard Class,4,4,0,Shipping on time,Europe_Hub_Rotterdam,COMPLETE,North America
11140,20140,CA,EE. UU.,Home Office,1360,Perfect Fitness Perfect Rip Deck,Cleats,4,59.99,239.96,Standard Class,4,4,0,Shipping on time,Pacific_Hub_LA,PENDING_DISPATCH,North America
11141,20141,NY,EE. UU.,Corporate,1361,Nike Men's CJ81 Elite Football Cleat,Men's Footwear,4,129.99,519.96,Second Class,2,2,0,Shipping on time,Midwest_Hub_Chicago,COMPLETE,North America
11142,20142,TX,EE. UU.,Consumer,1362,Under Armour Girls' Toddler Spine Surge,Cardio Equipment,4,39.99,159.96,Standard Class,4,4,0,Shipping on time,EastCoast_Hub_NJ,COMPLETE,North America
11143,20143,FL,EE. UU.,Consumer,1363,O'Brien Men's Neoprene Life Vest,Water Sports,3,49.98,149.94,Standard Class,4,4,0,Shipping on time,South_Hub_Dallas,COMPLETE,North America
11144,20144,IL,EE. UU.,Consumer,1364,Pelican Sun Dolphin 5-Seat Pedal Boat,Boating,2,649.99,1299.98,Standard Class,4,6,1,Late delivery,Europe_Hub_Rotterdam,COMPLETE,North America
11145,20145,PA,EE. UU.,Consumer,1365,Diamondback Adult Response XE Mountain Bike,Shop By Sport,3,399.98,1199.94,Standard Class,4,4,0,Shipping on time,Pacific_Hub_LA,COMPLETE,North America
11146,20146,OH,EE. UU.,Consumer,1366,Field & Stream Sportsman 16 Gun Fire Safe,Hunting & Shooting,3,399.99,1199.97,Standard Class,4,4,0,Shipping on time,Midwest_Hub_Chicago,COMPLETE,North America
11147,20147,WA,EE. UU.,Home Office,1367,Titleist Pro V1x High Golf Balls (Dozen),Golf Balls,5,47.99,239.95,Standard Class,4,4,0,Shipping on time,EastCoast_Hub_NJ,COMPLETE,North America
11148,20148,GA,EE. UU.,Consumer,1368,Glove It Women's Urban Zoo Golf Bag,Golf Bags,2,179.99,359.98,Second Class,2,4,1,Late delivery,South_Hub_Dallas,COMPLETE,North America
11149,20149,NC,EE. UU.,Home Office,1369,Fitbit Surge Fitness Superwatch,Fitness Accessories,5,249.95,1249.75,Standard Class,4,4,0,Shipping on time,Europe_Hub_Rotterdam,COMPLETE,North America
11150,20150,CA,EE. UU.,Consumer,1360,Perfect Fitness Perfect Rip Deck,Cleats,3,59.99,179.97,Second Class,2,2,0,Shipping on time,Pacific_Hub_LA,PENDING_DISPATCH,North America
11151,20151,NY,EE. UU.,Home Office,1361,Nike Men's CJ81 Elite Football Cleat,Men's Footwear,4,129.99,519.96,Standard Class,4,4,0,Shipping on time,Midwest_Hub_Chicago,COMPLETE,North America
11152,20152,TX,EE. UU.,Corporate,1362,Under Armour Girls' Toddler Spine Surge,Cardio Equipment,4,39.99,159.96,Second Class,2,2,0,Shipping on time,EastCoast_Hub_NJ,COMPLETE,North America
11153,20153,FL,EE. UU.,Home Office,1363,O'Brien Men's Neoprene Life Vest,Water Sports,4,49.98,199.92,Second Class,2,2,0,Shipping on time,South_Hub_Dallas,COMPLETE,North America
11154,20154,IL,EE. UU.,Consumer,1364,Pelican Sun Dolphin 5-Seat Pedal Boat,Boating,1,649.99,649.99,First Class,1,5,1,Late delivery,Europe_Hub_Rotterdam,COMPLETE,North America
11155,20155,PA,EE. UU.,Corporate,1365,Diamondback Adult Response XE Mountain Bike,Shop By Sport,1,399.98,399.98,Standard Class,4,6,1,Late delivery,Pacific_Hub_LA,COMPLETE,North America
11156,20156,OH,EE. UU.,Consumer,1366,Field & Stream Sportsman 16 Gun Fire Safe,Hunting & Shooting,4,399.99,1599.96,First Class,1,1,0,Shipping on time,Midwest_Hub_Chicago,COMPLETE,North America
11157,20157,WA,EE. UU.,Consumer,1367,Titleist Pro V1x High Golf Balls (Dozen),Golf Balls,5,47.99,239.95,First Class,1,2,1,Late delivery,EastCoast_Hub_NJ,COMPLETE,North America
11158,20158,GA,EE. UU.,Corporate,1368,Glove It Women's Urban Zoo Golf Bag,Golf Bags,4,179.99,719.96,First Class,1,2,1,Late delivery,South_Hub_Dallas,COMPLETE,North America
11159,20159,NC,EE. UU.,Consumer,1369,Fitbit Surge Fitness Superwatch,Fitness Accessories,1,249.95,249.95,Second Class,2,5,1,Late delivery,Europe_Hub_Rotterdam,COMPLETE,North America
11160,20160,CA,EE. UU.,Consumer,1360,Perfect Fitness Perfect Rip Deck,Cleats,3,59.99,179.97,Standard Class,4,4,0,Shipping on time,Pacific_Hub_LA,PENDING_DISPATCH,North America
11161,20161,NY,EE. UU.,Consumer,1361,Nike Men's CJ81 Elite Football Cleat,Men's Footwear,3,129.99,389.97,Standard Class,4,7,1,Late delivery,Midwest_Hub_Chicago,COMPLETE,North America
11162,20162,TX,EE. UU.,Corporate,1362,Under Armour Girls' Toddler Spine Surge,Cardio Equipment,3,39.99,119.97,Second Class,2,3,1,Late delivery,EastCoast_Hub_NJ,COMPLETE,North America
11163,20163,FL,EE. UU.,Consumer,1363,O'Brien Men's Neoprene Life Vest,Water Sports,5,49.98,249.9,Standard Class,4,7,1,Late delivery,South_Hub_Dallas,COMPLETE,North America
11164,20164,IL,EE. UU.,Corporate,1364,Pelican Sun Dolphin 5-Seat Pedal Boat,Boating,2,649.99,1299.98,Standard Class,4,4,0,Shipping on time,Europe_Hub_Rotterdam,COMPLETE,North America
11165,20165,PA,EE. UU.,Home Office,1365,Diamondback Adult Response XE Mountain Bike,Shop By Sport,5,399.98,1999.9,Standard Class,4,4,0,Shipping on time,Pacific_Hub_LA,COMPLETE,North America
11166,20166,OH,EE. UU.,Corporate,1366,Field & Stream Sportsman 16 Gun Fire Safe,Hunting & Shooting,1,399.99,399.99,Standard Class,4,4,0,Shipping on time,Midwest_Hub_Chicago,COMPLETE,North America
11167,20167,WA,EE. UU.,Home Office,1367,Titleist Pro V1x High Golf Balls (Dozen),Golf Balls,4,47.99,191.96,Standard Class,4,4,0,Shipping on time,EastCoast_Hub_NJ,COMPLETE,North America
11168,20168,GA,EE. UU.,Corporate,1368,Glove It Women's Urban Zoo Golf Bag,Golf Bags,1,179.99,179.99,Standard Class,4,4,0,Shipping on time,South_Hub_Dallas,COMPLETE,North America
11169,20169,NC,EE. UU.,Corporate,1369,Fitbit Surge Fitness Superwatch,Fitness Accessories,5,249.95,1249.75,Standard Class,4,4,0,Shipping on time,Europe_Hub_Rotterdam,COMPLETE,North America
11170,20170,CA,EE. UU.,Consumer,1360,Perfect Fitness Perfect Rip Deck,Cleats,5,59.99,299.95,Standard Class,4,4,0,Shipping on time,Pacific_Hub_LA,PENDING_DISPATCH,North America
11171,20171,NY,EE. UU.,Consumer,1361,Nike Men's CJ81 Elite Football Cleat,Men's Footwear,5,129.99,649.95,First Class,1,1,0,Shipping on time,Midwest_Hub_Chicago,COMPLETE,North America
11172,20172,TX,EE. UU.,Home Office,1362,Under Armour Girls' Toddler Spine Surge,Cardio Equipment,1,39.99,39.99,Standard Class,4,4,0,Shipping on time,EastCoast_Hub_NJ,COMPLETE,North America
11173,20173,FL,EE. UU.,Home Office,1363,O'Brien Men's Neoprene Life Vest,Water Sports,4,49.98,199.92,Standard Class,4,4,0,Shipping on time,South_Hub_Dallas,COMPLETE,North America
11174,20174,IL,EE. UU.,Home Office,1364,Pelican Sun Dolphin 5-Seat Pedal Boat,Boating,1,649.99,649.99,Standard Class,4,4,0,Shipping on time,Europe_Hub_Rotterdam,COMPLETE,North America
11175,20175,PA,EE. UU.,Consumer,1365,Diamondback Adult Response XE Mountain Bike,Shop By Sport,3,399.98,1199.94,First Class,1,1,0,Shipping on time,Pacific_Hub_LA,COMPLETE,North America
11176,20176,OH,EE. UU.,Corporate,1366,Field & Stream Sportsman 16 Gun Fire Safe,Hunting & Shooting,2,399.99,799.98,Standard Class,4,4,0,Shipping on time,Midwest_Hub_Chicago,COMPLETE,North America
11177,20177,WA,EE. UU.,Corporate,1367,Titleist Pro V1x High Golf Balls (Dozen),Golf Balls,1,47.99,47.99,Same Day,0,0,0,Shipping on time,EastCoast_Hub_NJ,COMPLETE,North America
11178,20178,GA,EE. UU.,Consumer,1368,Glove It Women's Urban Zoo Golf Bag,Golf Bags,4,179.99,719.96,First Class,1,5,1,Late delivery,South_Hub_Dallas,COMPLETE,North America
11179,20179,NC,EE. UU.,Corporate,1369,Fitbit Surge Fitness Superwatch,Fitness Accessories,1,249.95,249.95,First Class,1,1,0,Shipping on time,Europe_Hub_Rotterdam,COMPLETE,North America
11180,20180,CA,EE. UU.,Consumer,1360,Perfect Fitness Perfect Rip Deck,Cleats,5,59.99,299.95,Standard Class,4,4,0,Shipping on time,Pacific_Hub_LA,PENDING_DISPATCH,North America
11181,20181,NY,EE. UU.,Consumer,1361,Nike Men's CJ81 Elite Football Cleat,Men's Footwear,1,129.99,129.99,First Class,1,5,1,Late delivery,Midwest_Hub_Chicago,COMPLETE,North America
11182,20182,TX,EE. UU.,Consumer,1362,Under Armour Girls' Toddler Spine Surge,Cardio Equipment,5,39.99,199.95,Same Day,0,0,0,Shipping on time,EastCoast_Hub_NJ,COMPLETE,North America
11183,20183,FL,EE. UU.,Corporate,1363,O'Brien Men's Neoprene Life Vest,Water Sports,2,49.98,99.96,Standard Class,4,4,0,Shipping on time,South_Hub_Dallas,COMPLETE,North America
11184,20184,IL,EE. UU.,Corporate,1364,Pelican Sun Dolphin 5-Seat Pedal Boat,Boating,1,649.99,649.99,Standard Class,4,4,0,Shipping on time,Europe_Hub_Rotterdam,COMPLETE,North America
11185,20185,PA,EE. UU.,Corporate,1365,Diamondback Adult Response XE Mountain Bike,Shop By Sport,5,399.98,1999.9,Second Class,2,2,0,Shipping on time,Pacific_Hub_LA,COMPLETE,North America
11186,20186,OH,EE. UU.,Consumer,1366,Field & Stream Sportsman 16 Gun Fire Safe,Hunting & Shooting,3,399.99,1199.97,Same Day,0,0,0,Shipping on time,Midwest_Hub_Chicago,COMPLETE,North America
11187,20187,WA,EE. UU.,Home Office,1367,Titleist Pro V1x High Golf Balls (Dozen),Golf Balls,2,47.99,95.98,Standard Class,4,4,0,Shipping on time,EastCoast_Hub_NJ,COMPLETE,North America
11188,20188,GA,EE. UU.,Corporate,1368,Glove It Women's Urban Zoo Golf Bag,Golf Bags,1,179.99,179.99,Second Class,2,2,0,Shipping on time,South_Hub_Dallas,COMPLETE,North America
11189,20189,NC,EE. UU.,Corporate,1369,Fitbit Surge Fitness Superwatch,Fitness Accessories,2,249.95,499.9,First Class,1,3,1,Late delivery,Europe_Hub_Rotterdam,COMPLETE,North America
11190,20190,CA,EE. UU.,Consumer,1360,Perfect Fitness Perfect Rip Deck,Cleats,3,59.99,179.97,Second Class,2,2,0,Shipping on time,Pacific_Hub_LA,PENDING_DISPATCH,North America
11191,20191,NY,EE. UU.,Corporate,1361,Nike Men's CJ81 Elite Football Cleat,Men's Footwear,5,129.99,649.95,First Class,1,1,0,Shipping on time,Midwest_Hub_Chicago,COMPLETE,North America
11192,20192,TX,EE. UU.,Consumer,1362,Under Armour Girls' Toddler Spine Surge,Cardio Equipment,4,39.99,159.96,Standard Class,4,4,0,Shipping on time,EastCoast_Hub_NJ,COMPLETE,North America
11193,20193,FL,EE. UU.,Home Office,1363,O'Brien Men's Neoprene Life Vest,Water Sports,1,49.98,49.98,Second Class,2,2,0,Shipping on time,South_Hub_Dallas,COMPLETE,North America
11194,20194,IL,EE. UU.,Consumer,1364,Pelican Sun Dolphin 5-Seat Pedal Boat,Boating,5,649.99,3249.95,First Class,1,2,1,Late delivery,Europe_Hub_Rotterdam,COMPLETE,North America
11195,20195,PA,EE. UU.,Consumer,1365,Diamondback Adult Response XE Mountain Bike,Shop By Sport,1,399.98,399.98,Standard Class,4,8,1,Late delivery,Pacific_Hub_LA,COMPLETE,North America
11196,20196,OH,EE. UU.,Consumer,1366,Field & Stream Sportsman 16 Gun Fire Safe,Hunting & Shooting,4,399.99,1599.96,First Class,1,4,1,Late delivery,Midwest_Hub_Chicago,COMPLETE,North America
11197,20197,WA,EE. UU.,Home Office,1367,Titleist Pro V1x High Golf Balls (Dozen),Golf Balls,4,47.99,191.96,Standard Class,4,4,0,Shipping on time,EastCoast_Hub_NJ,COMPLETE,North America
11198,20198,GA,EE. UU.,Consumer,1368,Glove It Women's Urban Zoo Golf Bag,Golf Bags,3,179.99,539.97,Second Class,2,2,0,Shipping on time,South_Hub_Dallas,COMPLETE,North America
11199,20199,NC,EE. UU.,Corporate,1369,Fitbit Surge Fitness Superwatch,Fitness Accessories,3,249.95,749.85,Standard Class,4,8,1,Late delivery,Europe_Hub_Rotterdam,COMPLETE,North America
11200,20200,CA,EE. UU.,Home Office,1360,Perfect Fitness Perfect Rip Deck,Cleats,3,59.99,179.97,First Class,1,1,0,Shipping on time,Pacific_Hub_LA,PENDING_DISPATCH,North America
